miRNA,AUD1_fem,AUD1_masc,AUD2_fem,AUD2_masc,AUD3_masc,AUD4_masc,AUD5_masc,AUD6_masc,AUD7_masc,AUD3_fem,AUD4_fem,CTROL1_fem,CTROL1_masc,CTROL2_masc,CTROL2_fem,CTROL3_fem,CTROL3_masc,CTROL4_masc,CTROL4_fem,CTROL5_masc,CTROL6_masc,CTROL5_fem,CTROL6_fem,CTROL7_masc,CTROL8_masc
hsa-let-7a-3p,45,1,0,0,1,0,6,2,1,0,0,0,17,0,0,4,3,1,41,1,0,2,1,0,10
hsa-let-7a-5p,768,2855,61,2112,844,951,2196,1983,1102,2217,200,384,4331,2653,831,1897,3597,1157,1437,1622,1,1567,1883,160,3187
hsa-let-7b-3p,1018,207,1,305,287,168,1068,533,115,583,20,243,2079,869,397,1130,723,665,1095,389,0,943,363,431,1942
hsa-let-7b-5p,5546,17426,406,10976,6052,5663,9403,8178,5838,13707,1101,1584,8186,9061,5364,8189,16469,4812,5922,10199,2,3544,5457,2192,9417
hsa-let-7c-3p,26,0,1,0,0,2,11,12,2,0,0,0,0,15,7,5,16,10,42,0,0,35,0,0,2
hsa-let-7c-5p,1428,9015,164,4910,2824,3023,4198,4929,2802,5214,491,698,6519,6848,1988,3557,8773,2222,2713,4602,26,2485,3295,197,4421
hsa-let-7d-3p,2052,176,16,670,306,284,1028,1147,199,880,74,690,5801,832,765,1423,1575,789,2435,451,0,1805,459,283,4429
hsa-let-7d-5p,3283,5143,242,5124,3933,2161,5674,4785,2952,6736,801,1839,13233,5532,2676,4128,10587,4693,6857,3917,0,4449,4827,443,9603
hsa-let-7e-3p,117,26,0,22,42,26,59,21,8,42,3,55,357,62,17,77,66,38,124,30,0,90,32,0,329
hsa-let-7e-5p,131,400,23,429,145,105,486,326,229,479,54,143,1680,475,233,383,1156,321,452,242,0,656,220,22,888
hsa-let-7f-1-3p,483,69,3,76,17,53,202,77,12,48,8,34,387,225,135,118,119,147,171,93,0,202,30,94,630
hsa-let-7f-2-3p,1283,141,3,88,120,76,261,60,57,43,6,157,986,154,50,318,440,356,864,72,0,425,136,133,750
hsa-let-7f-5p,1733,2768,97,3695,1432,1359,3592,3356,1682,3185,367,937,9158,5748,1405,4592,7878,2357,3498,1545,1,3495,5423,28,5972
hsa-let-7g-3p,51,0,0,0,0,0,8,0,3,0,0,1,0,0,0,8,0,0,20,0,0,11,0,0,0
hsa-let-7g-5p,5997,7273,140,4920,7243,1485,4370,4160,2835,4047,552,1099,12534,6137,2091,3667,8481,4488,6551,3209,39,4905,10314,497,8800
hsa-let-7i-3p,355,0,2,15,56,6,40,3,7,9,0,16,77,12,17,44,55,47,95,12,0,16,10,0,80
hsa-let-7i-5p,1413,499,42,816,713,415,981,635,393,526,57,176,1428,648,456,692,1962,805,1115,366,4,645,1425,16,1232
hsa-miR-100-5p,33,537,5,1636,584,199,543,2337,160,762,38,169,1312,1632,1040,1019,1635,954,669,1018,0,409,709,51,570
hsa-miR-101-3p,338,93,2,38,0,3,69,46,16,10,0,31,737,123,4,97,180,245,92,23,0,184,20,0,317
hsa-miR-101-5p,175,14,0,0,0,0,7,0,0,0,0,0,0,19,0,7,2,28,21,0,0,17,0,0,25
hsa-miR-10395-3p,34,0,0,0,0,0,0,0,0,0,0,0,0,0,0,0,0,0,0,0,0,0,0,0,0
hsa-miR-10395-5p,16,0,0,0,0,0,0,0,0,0,0,0,0,0,0,0,0,0,0,0,0,0,0,0,0
hsa-miR-10399-3p,33,8,0,7,10,1,2,0,0,0,0,0,0,1,0,0,8,3,0,0,0,0,0,0,18
hsa-miR-10399-5p,24,1,3,27,0,9,13,0,1,20,0,0,102,27,1,12,31,13,9,6,0,19,0,0,73
hsa-miR-103a-2-5p,1,0,2,0,2,1,0,0,0,0,0,0,0,4,1,4,0,0,0,0,0,0,0,0,0
hsa-miR-103a-3p,1176,2334,129,3200,3737,1044,2100,2751,2084,2037,306,884,10314,3781,1861,3173,6887,3874,5457,1889,6,3921,3921,362,5974
hsa-miR-10400-5p,1,0,17,22,9,145,22,3,196,1,707,0,3,1,5,17,1,0,83,8,0,35,3,6,7
hsa-miR-10401-5p,14,0,0,0,0,0,0,0,0,0,0,0,0,0,0,0,0,0,0,0,0,0,1,0,0
hsa-miR-10527-5p,64,36,7,128,219,40,59,70,30,126,19,23,89,129,96,66,256,116,221,60,0,59,215,0,210
hsa-miR-106a-5p,50,66,2,74,153,12,45,31,127,33,1,44,611,63,13,59,83,74,187,79,0,282,148,12,347
hsa-miR-106b-3p,434,143,1,131,100,41,111,233,123,102,9,124,440,161,142,201,323,232,260,138,0,228,72,62,410
hsa-miR-106b-5p,9348,668,33,848,596,306,840,705,395,402,96,484,5975,837,495,1178,2103,1381,2302,257,0,2190,856,0,2323
hsa-miR-107,53,234,15,360,373,158,310,402,100,323,30,224,1746,452,240,480,804,559,825,252,0,750,285,10,830
hsa-miR-10a-3p,806,875,41,2142,1604,630,2098,1653,367,1724,168,1352,13255,1980,1380,3699,3352,2931,5735,460,0,4627,4770,65,9188
hsa-miR-10a-5p,327,3703,83,31807,7223,3635,11326,41035,1453,28151,684,2744,23287,36124,20826,32784,37420,24266,11392,7621,0,8277,9093,147,18315
hsa-miR-10b-3p,288,4780,134,12859,9473,3637,6968,8600,1230,11824,356,2193,12998,8982,5541,18033,14900,12324,11946,3892,0,4601,5718,1068,11641
hsa-miR-10b-5p,129,3506,60,40619,6538,4777,14224,59592,1250,37627,776,5425,24025,51399,25489,56089,54942,31185,14510,13521,0,10528,3568,99,21801
hsa-miR-1180-3p,114,488,16,807,555,210,686,1027,211,1302,62,202,1570,921,584,624,1948,630,491,585,0,694,454,156,1575
hsa-miR-1204,2,0,0,0,0,0,0,0,0,0,0,0,0,0,0,0,0,0,0,0,0,0,0,0,0
hsa-miR-12136,1120,369,49,490,761,183,589,122,367,608,123,1356,111,117,287,471,128,537,1529,732,0,94,138,0,0
hsa-miR-122-5p,21,0,0,77,87,3,1,8,0,0,2,0,10,7,0,18,5,3,7,6,0,0,0,1,3
hsa-miR-124-3p,31,21,0,17,9,7,85,77,22,58,2,0,129,34,29,16,96,72,43,50,0,27,0,0,0
hsa-miR-1246,28,73,5,30,19,94,22,26,374,24,9,373,12,7,20,6,7,7,0,6,0,0,94,0,0
hsa-miR-1249-3p,68,0,1,0,0,0,2,0,0,1,0,9,22,4,0,0,2,0,9,4,0,10,0,62,12
hsa-miR-1251-5p,12,0,3,8,0,7,27,16,0,11,5,0,0,29,1,0,44,27,41,38,0,5,0,0,0
hsa-miR-1255a,22,19,0,0,0,0,3,0,12,0,1,0,0,6,0,0,12,4,0,0,0,0,0,0,0
hsa-miR-1255b-5p,3,0,0,0,0,0,0,5,0,0,0,0,0,0,0,5,4,1,4,0,0,0,0,0,0
hsa-miR-125a-3p,22,607,24,1361,1514,449,793,1024,290,1483,70,314,1571,1065,958,1874,1990,1230,801,617,0,910,332,62,1600
hsa-miR-125a-5p,1664,3408,91,18478,5442,3017,12836,49536,1133,20295,845,5431,46895,51520,39142,42042,57488,20310,11805,17743,0,16209,4144,1555,49377
hsa-miR-125b-5p,651,5427,106,12045,6766,2486,10342,33009,2026,10673,491,2980,36740,37418,18039,24285,37847,16517,8466,15480,0,11201,1099,2141,29263
hsa-miR-1260a,1,1,0,2,0,1,0,0,1,1,0,0,3,2,0,1,6,5,4,0,0,1,0,0,3
hsa-miR-1260b,25,21,2,12,22,3,27,38,13,18,5,25,176,89,47,25,78,38,91,49,0,19,3,1,78
hsa-miR-1261,66,2,7,220,42,65,160,174,5,59,9,10,11,45,42,327,10,86,29,85,0,15,106,0,22
hsa-miR-1262,22,0,0,7,0,0,2,3,3,4,0,0,0,0,0,23,19,4,0,0,0,8,12,0,29
hsa-miR-126-3p,397,398,8,609,209,135,396,1156,328,548,28,224,1372,949,259,640,1042,768,1128,456,343,630,281,0,703
hsa-miR-126-5p,802,158,7,231,90,88,386,593,269,227,5,21,485,497,186,301,381,316,547,253,95,313,189,274,441
hsa-miR-1269a,4,0,0,0,0,2,7,22,9,4,0,3,56,4,1,5,33,8,0,0,0,0,0,0,1
hsa-miR-1270,51,38,2,4,8,4,15,12,4,21,0,21,0,16,10,8,21,9,16,45,0,29,10,0,0
hsa-miR-1271-3p,5,0,0,0,0,0,0,0,0,0,0,0,0,0,0,0,0,0,0,0,0,0,0,0,0
hsa-miR-1271-5p,160,62,9,134,223,103,337,136,29,113,2,30,226,166,106,305,390,120,293,29,0,77,62,0,106
hsa-miR-1273h-3p,1,0,0,0,0,0,0,0,0,0,0,0,0,0,0,0,0,0,0,0,0,0,0,0,0
hsa-miR-127-3p,16,51,11,56,1446,142,99,813,110,183,0,12,208,566,344,142,479,125,333,1546,0,41,62,1215,64
hsa-miR-1277-5p,66,0,0,0,0,0,1,0,0,0,0,0,177,1,2,0,0,8,0,0,0,22,0,0,47
hsa-miR-1283,15,0,0,71,29,0,4,5,0,0,1,0,388,20,5,8,4,37,135,19,0,67,27,0,59
hsa-miR-128-3p,767,190,6,426,150,89,359,752,85,306,21,266,2400,890,327,681,1567,619,714,414,0,802,115,0,1342
hsa-miR-1284,2,0,0,0,0,0,1,0,0,0,0,0,0,7,0,0,9,0,0,0,0,0,0,0,0
hsa-miR-1287-3p,32,0,0,0,0,0,2,0,0,0,2,0,0,0,0,0,0,0,0,0,0,0,0,0,0
hsa-miR-1287-5p,26,10,0,37,43,8,18,7,7,21,3,16,217,40,10,23,57,35,9,9,0,31,28,29,112
hsa-miR-1290,4,24,1,21,17,56,27,17,215,50,12,18,0,6,5,52,6,10,31,5,0,1,23,0,0
hsa-miR-1294,19,0,0,12,0,0,4,14,2,1,0,0,0,1,2,10,4,3,0,0,0,0,0,0,0
hsa-miR-1296-5p,7,59,5,135,191,46,115,88,56,79,9,57,388,103,65,210,230,170,294,19,0,97,58,0,291
hsa-miR-1299,14,23,0,57,17,5,0,20,26,39,0,0,616,35,0,15,50,115,109,40,0,75,53,0,15
hsa-miR-1301-3p,97,161,1,255,185,117,164,410,61,232,12,48,641,185,213,185,442,195,255,146,0,159,26,0,476
hsa-miR-1303,1,37,1,62,98,12,37,64,9,22,2,13,181,24,24,54,53,37,187,18,0,85,27,0,48
hsa-miR-1306-5p,37,0,0,26,0,5,6,47,3,19,1,37,230,31,17,31,37,29,0,25,0,18,0,0,87
hsa-miR-1307-3p,192,263,15,317,521,131,291,423,246,296,61,131,711,276,310,333,675,369,334,210,0,314,440,426,393
hsa-miR-1307-5p,524,21,4,30,20,2,82,26,13,12,0,0,78,29,0,41,65,88,87,3,0,51,6,0,51
hsa-miR-130a-3p,1059,3314,96,8115,4309,2327,6718,6030,2428,8111,292,3644,35442,9971,3567,10622,16928,13797,13525,4510,40,13000,5458,218,23459
hsa-miR-130b-3p,146,180,18,143,121,86,66,43,148,89,21,57,379,82,79,129,187,79,157,79,0,123,177,0,233
hsa-miR-130b-5p,80,1,0,6,0,0,4,7,6,2,0,29,14,10,9,10,12,7,0,0,0,10,0,0,15
hsa-miR-132-3p,363,17,7,86,30,21,125,77,38,73,9,62,366,67,23,123,140,70,145,73,0,84,18,72,243
hsa-miR-132-5p,22,23,0,14,20,4,8,16,19,0,1,0,0,14,20,7,37,9,27,7,0,4,2,0,0
hsa-miR-1343-5p,2,0,0,0,0,0,0,0,2,0,0,0,0,0,0,0,0,0,0,0,0,0,0,0,0
hsa-miR-135a-5p,52,40,0,7,22,7,21,31,20,2,0,15,336,59,5,16,52,17,37,23,0,86,17,0,47
hsa-miR-135b-5p,45,2,0,18,14,14,34,25,3,8,2,9,168,9,16,64,89,49,75,5,0,40,11,0,89
hsa-miR-138-5p,32,0,8,461,227,89,204,316,30,225,5,42,846,253,218,277,514,258,521,126,0,502,255,312,616
hsa-miR-139-5p,161,79,0,61,35,21,78,214,71,557,6,45,766,112,109,182,133,244,446,44,0,304,103,0,669
hsa-miR-140-3p,117,182,2,239,239,67,224,348,108,132,6,117,648,345,136,515,548,615,283,223,0,368,64,88,497
hsa-miR-140-5p,2369,0,1,48,15,10,74,75,38,23,0,74,1329,49,16,108,165,131,127,35,0,314,92,0,557
hsa-miR-141-3p,8947,49732,997,80499,59483,16463,47009,43692,16135,39882,2489,18687,122685,81209,41315,82025,124204,80100,100584,28098,0,38442,20513,822,97432
hsa-miR-141-5p,407,451,4,325,194,83,245,193,206,139,7,0,1052,512,198,437,954,491,403,161,0,266,185,0,737
hsa-miR-142-3p,173470,0,0,0,0,6,6,1,51,3,5,0,25,0,0,6,15,5,49,0,0,223,14,141,0
hsa-miR-142-5p,141718,31,4,7,0,20,36,3,218,14,16,10,0,0,18,178,31,22,394,9,0,364,323,0,0
hsa-miR-143-3p,11119,36,1,62,26,143,114,63,822,162,79,110,34,15,43,287,98,68,288,16,59,281,638,255,126
hsa-miR-144-3p,85,33,0,39,0,8,25,162,2,2,0,54,26,2,0,169,8,15,82,67,0,28,137,0,9
hsa-miR-145-3p,187,0,0,0,0,0,2,5,4,3,0,0,0,0,9,13,0,0,10,0,0,2,4,0,0
hsa-miR-145-5p,13396,0,0,42,0,18,44,15,96,37,20,43,0,2,6,96,36,18,27,18,0,60,49,113,27
hsa-miR-146a-3p,40,0,0,0,0,0,0,0,0,0,0,0,0,0,0,0,0,0,0,0,0,0,0,0,0
hsa-miR-146a-5p,2376,672,15,1087,2308,587,577,1129,2505,511,62,300,439,782,371,897,1567,779,1470,1185,0,801,821,528,339
hsa-miR-146b-5p,917,833,16,1825,1140,543,1049,2885,425,1289,63,811,2554,2719,1430,3091,3366,2263,2179,1728,0,1463,562,84,1443
hsa-miR-147b-3p,23,0,0,0,0,2,0,4,3,0,0,0,60,0,0,4,3,4,0,13,0,1,0,0,0
hsa-miR-148a-3p,3293,2310,58,1791,1303,703,1400,2955,1005,977,58,864,8155,5086,1521,4346,7048,3433,2749,2342,0,1915,387,299,5158
hsa-miR-148a-5p,35,90,0,38,92,8,11,11,15,2,2,25,15,40,12,44,19,19,42,8,0,9,3,0,81
hsa-miR-148b-3p,370,191,5,189,143,45,170,253,39,100,4,78,1109,279,254,382,608,496,503,285,0,297,60,66,598
hsa-miR-149-5p,452,2849,40,1894,4133,991,1293,4287,1719,2144,146,482,13923,5495,2725,2027,6044,1823,1388,3365,0,2355,459,165,8007
hsa-miR-150-5p,692,0,0,34,1,0,4,0,20,8,2,30,0,22,0,22,3,9,56,8,79,6,0,1,0
hsa-miR-151a-3p,938,1728,36,2717,2450,933,2414,4730,811,2454,161,1222,11894,3276,3300,4477,5817,3552,4449,2090,0,3820,1169,54,7327
hsa-miR-151a-5p,1020,17433,437,42072,12824,14616,27136,40727,8483,40158,2392,6442,69025,51611,22657,56502,81148,42931,21824,19815,38,17873,11871,460,50757
hsa-miR-152-3p,173,205,15,1186,426,366,922,1068,218,598,45,201,2857,1182,880,1599,2412,1211,1109,536,0,857,217,69,1850
hsa-miR-1537-3p,158,0,0,0,0,0,0,0,0,0,0,0,0,0,0,0,6,2,0,0,0,0,0,0,0
hsa-miR-1537-5p,72,0,0,0,0,0,0,0,0,0,0,0,0,0,0,0,0,0,0,0,0,0,0,0,0
hsa-miR-155-5p,733,40,0,15,13,9,20,26,61,41,5,0,62,41,7,16,37,18,0,57,0,6,60,0,17
hsa-miR-15a-3p,37,0,0,0,0,0,5,0,2,3,0,0,0,0,0,6,0,0,0,0,0,0,0,0,0
hsa-miR-15a-5p,10758,86,9,446,82,113,293,522,138,153,19,143,2674,304,210,718,784,393,445,187,0,888,399,0,1202
hsa-miR-15b-3p,301,31,2,2,0,7,22,13,8,0,1,39,142,18,3,44,41,17,65,5,0,35,0,0,28
hsa-miR-15b-5p,12459,4553,202,17382,3091,6433,10836,19684,2308,12282,626,3185,23964,24158,9099,35355,34149,16100,8766,5386,92,8615,1555,0,19317
hsa-miR-16-2-3p,1,0,0,6,0,0,3,3,0,0,0,0,31,1,0,13,0,5,21,0,0,24,0,0,0
hsa-miR-16-5p,152906,53721,4104,138280,48914,72555,88108,157540,47159,112456,9106,25704,159729,132062,51676,219386,230627,99630,95237,68540,2138,74490,124087,3341,112966
hsa-miR-17-3p,352,473,21,528,655,101,351,523,273,231,26,136,3202,714,448,827,1148,1216,1292,468,34,805,185,1233,1496
hsa-miR-17-5p,1423,101,4,140,132,46,173,126,78,106,15,190,1922,138,75,169,233,212,754,90,0,813,345,0,1052
hsa-miR-181a-2-3p,25,891,21,2504,1006,682,1360,2335,218,2774,110,902,3898,1817,1602,3024,3356,1659,1863,899,0,1812,760,138,3052
hsa-miR-181a-3p,203,556,18,819,313,266,473,788,217,430,45,545,1399,878,386,666,1757,1194,1088,553,0,744,258,0,830
hsa-miR-181a-5p,4613,2362,83,6411,2284,1699,3106,4617,756,5102,264,1628,10200,4672,3078,6348,7800,4412,4831,3442,0,4777,2937,167,7608
hsa-miR-181b-3p,19,0,0,0,0,0,1,0,0,0,0,0,0,0,0,0,6,3,0,0,0,2,10,0,0
hsa-miR-181b-5p,294,39,5,311,69,107,190,181,46,236,17,105,454,176,119,321,278,142,404,88,0,325,246,0,380
hsa-miR-181c-3p,7,2,0,4,1,3,12,1,3,4,0,0,1,10,3,9,21,8,0,0,0,6,3,0,7
hsa-miR-181c-5p,19,3,0,6,6,2,12,11,1,5,1,0,41,7,0,12,10,12,10,4,0,3,6,0,8
hsa-miR-181d-5p,35,5,0,25,31,8,38,12,15,36,2,0,9,19,4,23,22,27,31,6,0,30,52,0,66
hsa-miR-182-5p,1404,10405,231,14352,9760,5946,11010,27293,3931,12894,518,1942,29606,24576,17754,25362,25133,21026,13599,7658,0,6692,1398,315,15660
hsa-miR-183-3p,1,12,0,12,0,6,7,31,10,18,0,0,14,27,10,7,6,37,32,0,0,20,0,0,102
hsa-miR-183-5p,371,1866,118,4099,2013,1985,4237,7009,1676,2987,177,668,9498,7138,4440,6206,5874,6673,5997,1525,0,2140,499,76,4584
hsa-miR-184,9,22,2,34,23,16,142,72,9,35,4,10,12,24,27,86,70,9,96,50,0,8,1,0,10
hsa-miR-185-5p,1297,874,49,989,2488,279,859,1302,486,531,93,425,5301,1399,797,1469,2083,2101,3022,998,0,1747,718,234,2684
hsa-miR-186-5p,13334,2738,34,3438,3719,584,2839,3335,664,1236,53,1117,18842,4264,2801,6121,7783,5788,8221,2045,0,6432,902,114,11161
hsa-miR-187-3p,120,405,14,1111,1227,186,336,1118,282,700,27,329,9881,881,1026,2147,2167,2382,2809,448,0,2731,640,93,4936
hsa-miR-188-5p,13,0,0,3,0,3,14,12,3,4,0,0,33,14,7,75,38,72,59,10,0,17,37,0,43
hsa-miR-18a-3p,25,0,1,0,0,0,13,1,6,9,0,6,141,8,12,2,11,8,0,6,0,16,0,0,0
hsa-miR-18a-5p,188,0,1,6,3,5,7,7,3,2,1,13,52,4,4,16,7,2,8,0,0,24,3,0,26
hsa-miR-18b-5p,2,1,0,2,3,0,1,1,1,1,0,0,5,3,1,0,2,1,1,2,0,2,0,0,1
hsa-miR-190a-3p,71,19,0,6,0,4,103,31,2,0,0,20,741,38,12,68,75,59,153,4,0,211,7,0,314
hsa-miR-190a-5p,22,0,0,41,11,5,26,34,2,9,0,52,1408,56,35,118,174,111,85,3,0,261,9,0,391
hsa-miR-190b-3p,4,0,0,5,0,1,7,1,2,1,0,2,89,3,3,3,7,3,8,0,0,14,1,0,12
hsa-miR-190b-5p,29,0,0,0,15,0,0,0,0,2,0,0,32,1,0,0,2,0,0,0,0,4,0,0,3
hsa-miR-191-3p,43,78,1,85,63,10,27,66,37,65,3,81,302,129,110,68,170,60,20,81,0,124,22,61,182
hsa-miR-191-5p,216734,326339,1907,496875,255663,94206,150456,458136,61767,321269,11278,67573,511733,434742,291320,281857,400251,299097,231715,266587,0,138803,50206,6017,420472
hsa-miR-192-3p,12,27,0,0,0,3,26,8,0,5,0,0,56,15,0,6,32,17,35,9,0,53,21,0,0
hsa-miR-192-5p,484,158,2,242,185,71,717,785,135,223,18,154,922,638,183,278,718,475,994,439,0,518,140,28,185
hsa-miR-193a-3p,11,108,2,25,64,5,39,5,3,1,0,0,21,36,10,74,103,64,18,12,0,18,0,0,59
hsa-miR-193a-5p,105,97,8,145,367,71,143,179,100,122,18,29,493,239,128,153,314,165,115,230,0,140,65,178,389
hsa-miR-193b-3p,556,408,14,276,720,228,345,245,147,181,36,128,684,431,256,904,644,758,778,299,0,144,245,153,276
hsa-miR-193b-5p,28,25,12,105,80,16,26,124,27,116,15,32,308,80,72,67,112,39,97,106,0,95,19,246,119
hsa-miR-194-5p,5189,2500,42,3631,1324,1516,5197,14208,1309,4336,444,4550,31665,10189,2822,5910,13729,7183,9348,6666,0,19199,3047,109,5555
hsa-miR-195-3p,19,22,0,1,0,0,1,9,9,5,0,0,0,3,0,0,5,3,0,12,0,0,12,0,0
hsa-miR-195-5p,32,679,1,80,88,60,126,389,171,120,7,39,365,454,49,185,304,154,81,215,0,75,44,41,217
hsa-miR-196a-5p,33,68,2,82,39,44,54,129,33,163,11,47,226,113,19,84,152,40,90,79,0,117,383,0,100
hsa-miR-196b-3p,16,0,0,0,0,0,1,0,0,0,0,0,24,0,0,0,0,0,1,0,0,0,0,0,0
hsa-miR-196b-5p,41,130,1,82,103,26,24,43,79,42,3,24,281,59,22,73,92,45,40,61,0,110,139,0,97
hsa-miR-1973,18,0,0,0,0,0,0,0,0,0,0,0,0,1,0,0,0,0,0,0,0,0,0,0,0
hsa-miR-197-3p,9031,377,11,312,292,277,660,636,125,780,84,199,2018,1227,426,883,885,654,1466,465,0,734,645,43,1188
hsa-miR-199a-3p,3,0,0,1,0,0,0,0,0,0,0,0,4,0,0,1,1,1,0,0,0,0,1,1,1
hsa-miR-199b-3p,6,0,0,2,0,0,1,0,0,1,0,0,3,1,0,0,0,0,1,0,1,0,0,1,0
hsa-miR-199b-5p,4998,0,0,14,0,4,1,5,13,2,2,0,40,10,0,30,16,5,0,0,0,18,0,0,10
hsa-miR-19a-3p,195,0,0,0,2,1,11,2,3,1,0,1,66,8,1,10,6,17,20,0,0,17,4,1,53
hsa-miR-19a-5p,15,0,0,0,0,0,0,0,0,0,0,0,0,0,0,6,0,0,0,0,0,0,0,0,0
hsa-miR-19b-1-5p,158,0,2,0,20,2,2,15,0,10,0,28,23,9,0,0,1,7,16,0,0,0,0,0,58
hsa-miR-19b-3p,2015,15,4,14,42,13,89,25,25,14,1,27,281,80,14,109,94,163,372,28,0,131,36,21,212
hsa-miR-200a-3p,915,547,21,2399,791,666,2149,2569,393,1310,99,839,12514,3405,1702,4376,7183,3976,3276,842,0,4444,951,46,8217
hsa-miR-200a-5p,272,599,5,715,596,211,430,622,270,452,45,351,3095,788,334,982,1442,817,1037,321,0,771,417,0,1721
hsa-miR-200b-3p,1825,374,28,836,345,283,1375,1091,266,564,117,709,8905,1400,823,1739,3458,1467,2227,329,0,2794,564,4,4848
hsa-miR-200b-5p,430,1503,45,4940,875,1673,1869,5927,663,4566,274,1038,9983,4703,4402,5601,8441,3273,1858,1781,0,2442,498,0,4710
hsa-miR-200c-3p,42011,32041,1816,44466,22028,15634,43173,47680,24863,46974,6634,22447,183982,59930,40159,57337,128329,32148,58289,22252,0,51699,51656,338,105401
hsa-miR-200c-5p,54,79,0,31,44,10,30,41,37,35,4,64,344,96,53,67,116,87,76,52,0,51,25,0,101
hsa-miR-203a-3p,10682,3522,8588,8676,5389,16376,9094,2945,4166,7835,1171,16173,38003,7449,7686,15619,17367,6131,39011,1627,0,23288,14807,1164,13386
hsa-miR-203a-5p,121,0,0,0,0,0,8,2,4,1,0,0,31,1,9,9,5,3,0,0,0,0,0,0,0
hsa-miR-203b-3p,19,0,4,1,0,4,4,9,2,0,0,11,18,8,20,25,10,11,18,9,0,4,2,0,23
hsa-miR-204-3p,72,1649,164,3049,4948,846,3095,1599,472,5778,239,500,3610,1676,1451,4095,5896,2564,1708,1449,0,2310,463,5137,3777
hsa-miR-204-5p,6011,6129,230,19797,10851,9831,36025,23475,1699,25761,1275,4297,75178,67280,16626,70576,80473,50678,16774,10245,0,33711,3112,6713,74711
hsa-miR-205-3p,141,0,4,26,33,32,15,5,14,31,0,10,28,2,8,24,19,5,39,0,0,17,56,2,8
hsa-miR-205-5p,4493,66,729,537,344,3105,780,82,308,1084,103,680,698,354,281,2101,980,318,4245,94,64,822,1626,114,216
hsa-miR-206,1,10,0,30,17,9,1,10,1,12,6,0,7,21,10,21,41,16,53,10,0,16,36,0,14
hsa-miR-20a-3p,204,0,0,44,44,1,21,47,8,12,4,0,808,27,25,62,61,44,115,7,0,189,9,0,385
hsa-miR-20a-5p,5701,545,40,719,590,244,884,368,360,505,62,1121,14171,645,311,973,1043,777,5722,324,0,6994,2688,118,6533
hsa-miR-20b-5p,113,234,4,129,275,51,161,152,376,132,12,242,2395,214,40,222,252,160,652,150,0,966,416,0,1195
hsa-miR-210-3p,1979,194,147,319,489,506,405,199,330,663,80,206,1558,238,258,403,526,309,558,151,0,663,1081,116,574
hsa-miR-2110,49,92,4,93,174,46,53,129,53,138,6,12,236,88,111,109,132,89,31,88,0,28,42,126,127
hsa-miR-2114-5p,1,0,0,0,15,0,0,0,0,0,0,0,0,0,0,0,0,0,0,0,0,0,0,0,0
hsa-miR-2115-3p,25,0,0,0,0,1,0,0,1,6,9,0,0,12,9,7,3,6,0,11,0,6,0,0,0
hsa-miR-2115-5p,33,0,0,0,0,0,0,0,0,0,0,0,0,0,0,0,0,0,0,0,0,0,0,0,0
hsa-miR-211-5p,4,0,0,3,0,1,5,4,0,1,0,7,11,12,2,16,7,4,19,2,0,3,5,0,16
hsa-miR-212-3p,12,0,0,0,0,2,0,0,0,0,0,0,15,1,0,0,1,1,1,0,0,12,0,0,0
hsa-miR-21-3p,231,22,1,59,21,23,68,67,83,50,7,0,230,64,42,168,270,144,273,20,0,61,33,2,133
hsa-miR-21-5p,110013,6331,201,5446,4345,2777,7700,7273,5282,2650,821,3337,57199,8020,3787,9008,21067,9693,16182,3418,0,19355,11794,145,23435
hsa-miR-216a-5p,52,9,0,0,12,0,5,14,3,6,0,0,26,8,9,8,7,38,22,0,0,29,12,0,0
hsa-miR-216b-5p,16,0,0,7,0,1,24,27,2,4,0,40,90,34,13,0,15,15,0,12,0,8,7,0,20
hsa-miR-218-5p,42,10,0,11,26,2,13,8,2,4,0,0,455,24,7,3,23,71,103,5,0,70,0,0,142
hsa-miR-221-3p,15996,1882,550,5050,6025,3000,4970,7701,1389,5651,589,3731,35040,6867,5635,14024,10515,13510,30928,2852,0,10241,11823,1807,24731
hsa-miR-221-5p,43,202,43,1418,652,615,1015,2247,189,1809,62,708,1219,1679,1462,3653,2063,2307,3212,688,0,692,199,163,1816
hsa-miR-222-3p,2389,34,31,349,339,212,497,471,36,253,23,124,653,467,419,1620,840,567,440,71,0,166,151,84,633
hsa-miR-223-3p,583800,94,13,290,28,556,303,31,3813,657,912,447,88,39,428,1233,965,447,3645,135,0,12416,4770,134,25
hsa-miR-223-5p,907,0,0,0,0,2,1,0,33,3,1,0,0,0,6,14,8,0,0,0,0,9,13,0,0
hsa-miR-22-3p,12594,3649,374,8723,7450,3584,10572,16929,3621,7537,566,4497,42337,21675,12214,24873,32795,28353,19302,7919,0,9738,2834,2189,24078
hsa-miR-224-3p,123,39,7,163,0,109,179,192,34,155,7,84,266,309,188,480,1071,325,412,60,0,97,20,0,106
hsa-miR-224-5p,423,105,53,1121,195,598,417,1083,144,1200,121,607,2069,2157,1043,2636,5835,947,1283,305,0,1093,315,0,1193
hsa-miR-22-5p,162,291,12,458,173,156,345,568,63,359,24,154,1921,697,444,782,1116,797,673,331,0,604,128,0,957
hsa-miR-2278,32,0,0,0,0,1,3,7,0,1,0,0,0,3,0,0,0,3,15,0,0,27,0,0,0
hsa-miR-2355-3p,38,0,0,5,25,0,7,7,8,6,2,13,25,9,24,9,9,3,0,0,0,26,5,0,7
hsa-miR-23a-3p,2899,2922,143,7003,2004,2726,3969,7432,1204,8408,262,1692,10449,9489,4509,7344,15352,5838,5499,2359,0,3899,2173,263,9256
hsa-miR-23b-3p,29473,18100,513,37247,13096,11204,23886,63965,7897,48575,2511,22256,253377,61464,33041,53839,105612,46113,49141,24593,15,68145,13856,2006,158081
hsa-miR-23c,6,12,0,36,9,6,14,43,11,29,0,11,72,37,20,43,68,36,37,17,0,24,10,0,44
hsa-miR-24-1-5p,40,0,0,0,0,1,6,0,2,4,0,0,31,24,0,14,13,22,11,0,0,22,0,0,44
hsa-miR-24-2-5p,13,0,0,3,0,0,4,0,0,6,0,0,0,5,0,0,10,3,0,0,0,0,0,0,17
hsa-miR-24-3p,3704,3421,453,10225,5671,5713,8130,12622,2830,10663,663,2563,19485,14319,7111,12947,22238,14008,6820,7134,56,7070,2385,517,13010
hsa-miR-25-3p,26081,3305,77,3015,1632,939,2804,4506,1849,2776,295,1145,18595,4197,2862,4164,6941,4183,4834,2233,0,7380,2132,290,13705
hsa-miR-26a-1-3p,75,27,0,58,63,15,77,82,9,39,3,26,72,94,64,158,120,116,51,63,0,8,7,0,66
hsa-miR-26a-2-3p,192,0,0,28,55,4,18,40,8,10,0,0,266,87,0,105,98,60,14,13,0,44,0,0,68
hsa-miR-26a-5p,271947,375098,7910,785028,260812,256723,508780,846630,131612,754090,26715,195937,1497262,1236076,408777,1342502,1514536,996571,830246,362284,200,485406,195877,4071,1145883
hsa-miR-26b-3p,1126,53,1,88,224,16,117,68,78,37,8,48,22,105,65,233,149,98,108,75,0,24,33,0,9
hsa-miR-26b-5p,1570,1447,56,1270,889,481,1418,1480,1044,1226,173,621,5827,2069,701,2330,3748,1822,3373,920,0,2444,2542,35,3138
hsa-miR-27a-3p,2864,537,162,2003,863,997,2721,1759,594,1254,102,603,3774,2099,1120,3881,5787,2830,3403,478,2,1679,1219,18,3350
hsa-miR-27a-5p,148,36,8,36,39,15,33,20,35,36,7,0,247,47,0,28,134,46,0,14,0,61,13,0,103
hsa-miR-27b-3p,448,480,63,1398,432,664,1369,2315,345,1179,84,602,4286,2654,767,2576,4478,3001,2397,1036,0,1720,559,51,2364
hsa-miR-27b-5p,32,97,9,326,222,165,249,346,133,366,24,136,1090,311,191,469,747,500,541,204,0,312,413,0,527
hsa-miR-28-3p,1412,4848,45,5579,6837,1449,3783,10641,1542,9689,248,2456,17637,12535,10365,6923,10139,5856,7876,8352,0,7267,1614,2458,16109
hsa-miR-28-5p,667,4177,35,2923,3112,841,1840,3434,1775,1985,286,996,15746,4252,1923,3095,5836,4187,3728,2943,0,4323,2041,274,7863
hsa-miR-29a-3p,159,63,0,159,33,34,150,195,48,143,7,56,597,288,144,425,427,287,362,81,0,240,97,0,300
hsa-miR-29a-5p,236,15,0,4,0,0,7,5,0,4,1,0,105,4,0,0,8,20,1,0,0,96,0,0,26
hsa-miR-29b-1-5p,81,134,0,88,16,40,45,88,44,59,4,54,197,82,54,80,125,80,112,58,0,73,101,0,257
hsa-miR-29b-2-5p,17,0,0,0,0,0,1,0,0,2,0,1,28,6,0,6,4,3,0,0,0,13,7,0,54
hsa-miR-29b-3p,9144,603,22,589,449,190,1013,725,272,230,18,540,12123,1285,519,1803,2497,3095,5654,344,0,2790,679,0,6507
hsa-miR-29c-3p,369,129,4,271,76,60,235,181,46,191,15,67,952,274,139,489,376,303,478,65,0,287,191,7,418
hsa-miR-29c-5p,517,146,1,78,269,45,140,23,59,40,9,19,351,83,56,224,225,226,352,24,0,74,59,0,129
hsa-miR-301a-3p,358,0,1,39,31,4,17,29,7,8,0,31,480,27,20,49,55,45,33,5,0,130,0,0,199
hsa-miR-301b-3p,13,0,0,0,0,0,1,0,0,0,0,0,0,1,0,2,0,1,0,0,0,0,0,0,0
hsa-miR-3065-3p,28,13,0,4,0,7,24,12,6,14,1,14,39,20,6,24,38,9,56,13,0,6,5,0,26
hsa-miR-3065-5p,310,31,0,3,25,3,44,28,27,22,6,0,360,22,35,22,82,22,149,0,0,69,63,0,137
hsa-miR-30a-3p,1910,1222,37,2827,1694,953,2675,2446,744,2273,195,1069,15813,2726,1178,3019,4759,3460,4909,1091,0,6114,5049,646,10646
hsa-miR-30a-5p,417,86,8,292,169,102,601,398,76,129,16,246,3219,487,193,925,896,703,1802,141,0,1104,222,28,1947
hsa-miR-30b-3p,13,132,0,236,205,70,101,282,51,152,21,0,694,247,135,186,319,206,123,159,0,272,3,0,463
hsa-miR-30b-5p,73071,15142,616,24587,22464,15594,67254,21531,6267,18230,2123,14659,126364,73815,13368,120866,119388,85381,169902,9429,0,47215,13188,7658,83614
hsa-miR-30c-1-3p,55,282,2,235,237,45,169,230,44,263,9,36,690,293,209,360,389,372,355,160,0,259,141,109,591
hsa-miR-30c-2-3p,243,1406,53,2016,2531,636,1888,2115,413,1710,115,782,9245,2052,1637,2627,4251,2910,3792,1275,0,3359,803,245,6191
hsa-miR-30c-5p,8306,1208,38,2009,1462,1023,6636,1783,445,1287,184,1507,16312,6012,1134,9729,9383,6152,11279,803,0,5538,1269,86,9810
hsa-miR-30d-3p,124,59,2,82,98,36,96,124,25,61,4,43,658,211,87,239,344,300,294,61,0,207,53,38,342
hsa-miR-30d-5p,345,79,4,245,126,83,375,409,45,174,13,180,1892,723,238,771,760,525,806,158,0,608,167,6,1528
hsa-miR-30e-3p,1501,240,3,442,193,120,353,442,121,366,28,188,5197,462,288,610,773,989,1646,220,0,1747,841,285,2849
hsa-miR-30e-5p,134,12,1,39,23,6,61,36,10,14,0,18,436,65,22,122,101,143,197,16,0,154,31,3,306
hsa-miR-3121-3p,6,0,0,0,0,0,0,4,0,0,0,0,0,0,0,0,0,0,0,0,0,0,0,0,0
hsa-miR-3135b,237,6585,18,1372,6594,782,1277,5818,1832,744,96,448,1979,3557,609,228,2889,797,388,6832,0,201,308,5082,710
hsa-miR-31-3p,447,0,1,13,27,5,49,10,0,1,0,14,35,9,7,20,61,38,95,0,0,9,7,0,30
hsa-miR-3144-3p,42,0,0,0,0,1,7,0,0,0,1,0,38,3,7,10,0,11,0,0,0,0,6,0,0
hsa-miR-3151-3p,1,0,0,0,0,0,0,1,2,0,0,0,0,1,0,0,0,0,0,0,0,0,0,1,0
hsa-miR-31-5p,2934,4468,388,13678,9387,5979,11143,15291,1822,7915,1303,2011,17098,17383,11972,21174,36502,16467,12170,3418,0,5311,1901,6791,12621
hsa-miR-3173-5p,10,0,0,0,0,0,0,0,0,0,0,0,0,0,0,0,0,0,0,0,0,0,0,0,0
hsa-miR-3187-3p,5,0,0,0,0,0,0,0,0,0,0,0,0,0,0,0,0,0,0,0,0,3,0,0,0
hsa-miR-3191-5p,10,0,0,0,0,0,0,0,0,0,0,0,0,0,0,0,0,0,0,0,0,0,0,0,0
hsa-miR-3198,28,0,0,0,0,0,0,0,0,0,0,0,0,0,0,0,0,0,0,0,0,0,0,0,0
hsa-miR-320a-3p,86,138,16,312,490,26,146,117,74,374,38,107,576,103,133,192,324,159,211,136,0,292,70,580,382
hsa-miR-320a-5p,1,0,0,0,0,0,0,0,0,0,0,0,0,0,0,0,0,0,0,0,0,0,0,0,0
hsa-miR-320b,102,63,9,126,188,29,79,92,30,170,5,94,411,48,110,83,215,74,73,36,0,105,47,175,295
hsa-miR-323a-5p,5,0,0,0,0,0,0,0,0,0,0,0,0,0,0,2,1,0,0,0,0,0,0,0,0
hsa-miR-323b-3p,1,0,0,1,25,1,0,3,0,5,0,0,1,2,0,1,6,2,2,4,0,3,1,0,5
hsa-miR-32-3p,606,340,9,321,168,123,265,245,199,195,39,276,1832,398,92,396,551,308,713,135,0,733,645,0,1405
hsa-miR-324-3p,19,0,2,17,21,11,21,3,24,4,0,0,42,31,7,24,53,27,12,0,0,11,5,0,54
hsa-miR-324-5p,180,762,2,537,641,200,263,744,371,300,33,159,1109,784,350,468,1207,491,279,703,0,285,145,401,882
hsa-miR-32-5p,2284,105,2,49,89,34,202,69,54,16,1,22,2036,192,51,268,342,187,392,23,0,500,26,0,1026
hsa-miR-328-3p,168,40,0,46,46,24,70,48,18,82,6,0,143,97,44,59,71,63,36,63,0,68,37,0,180
hsa-miR-330-3p,91,78,2,118,37,42,108,214,15,68,7,51,463,139,116,135,240,242,14,23,0,64,5,0,325
hsa-miR-330-5p,4,0,0,24,48,4,6,1,1,5,0,0,0,4,13,25,21,18,17,0,0,10,20,0,0
hsa-miR-331-3p,119,55,6,180,125,63,237,285,42,110,11,15,544,440,163,393,547,254,229,80,0,113,15,70,388
hsa-miR-335-3p,61,24,5,104,103,22,128,72,7,97,4,17,403,315,78,291,236,170,277,31,0,266,58,0,519
hsa-miR-335-5p,14781,8715,337,26226,26627,5822,15077,18344,4410,24644,736,10295,66615,34168,9019,46516,37559,50662,68614,6803,0,38936,46343,613,75921
hsa-miR-337-5p,15,0,2,1,64,10,7,15,5,0,0,0,34,17,0,0,19,19,0,24,0,0,3,0,0
hsa-miR-338-3p,246,415,0,369,101,102,532,692,142,315,14,222,993,736,582,448,1847,1155,772,584,0,850,143,0,379
hsa-miR-338-5p,901,36,0,63,0,27,119,73,64,69,6,38,80,111,103,111,267,140,109,121,0,103,21,0,62
hsa-miR-339-3p,170,516,18,810,1112,312,615,737,345,641,47,158,1903,732,542,945,1351,1244,977,509,0,721,602,337,1409
hsa-miR-339-5p,549,239,4,220,183,124,207,185,118,164,22,60,1200,221,144,313,519,528,558,77,0,228,178,110,660
hsa-miR-33a-3p,175,29,2,0,22,6,23,5,12,0,2,22,213,29,13,52,77,41,20,0,0,79,0,106,88
hsa-miR-33a-5p,151,0,0,5,0,5,1,3,0,5,0,29,251,22,12,50,71,31,34,0,0,22,0,0,104
hsa-miR-33b-5p,4,0,0,0,0,0,0,0,0,0,0,0,9,0,0,0,0,0,0,0,0,0,0,0,0
hsa-miR-340-3p,86,12,0,43,18,3,23,32,5,7,1,11,155,66,38,34,62,33,15,7,0,48,27,0,129
hsa-miR-340-5p,4373,201,4,342,275,60,405,293,124,148,15,401,3387,438,200,700,662,510,1269,120,0,1417,359,0,2082
hsa-miR-342-3p,3324,924,12,1933,1299,397,1631,2822,618,1242,66,607,8668,3425,1999,3380,3142,2380,3404,1518,2,2460,1017,0,5813
hsa-miR-345-5p,78,266,8,496,469,155,396,673,101,216,16,220,1886,490,508,765,1090,729,409,255,0,629,43,361,950
hsa-miR-34a-3p,46,0,0,19,0,13,50,0,20,3,0,23,180,27,32,66,58,45,120,21,0,14,11,0,61
hsa-miR-34a-5p,387,63,8,55,49,46,53,26,40,45,10,37,969,84,54,128,92,77,143,28,0,220,94,0,394
hsa-miR-34c-3p,27,0,0,13,0,0,2,0,0,0,0,0,0,0,0,11,3,7,0,0,0,7,24,0,0
hsa-miR-3605-3p,21,0,0,9,0,2,24,72,4,23,5,35,104,46,52,40,54,24,46,26,0,23,0,0,77
hsa-miR-3609,7,0,0,0,0,0,0,0,0,1,0,0,0,0,0,0,0,0,0,0,0,0,0,0,0
hsa-miR-3611,32,30,0,3,1,2,4,9,11,7,0,6,137,9,1,15,31,10,84,10,0,14,9,53,40
hsa-miR-3613-3p,723,0,0,5,28,5,22,6,0,2,1,18,14,24,6,3,13,7,36,5,0,36,2,0,21
hsa-miR-3613-5p,982,0,0,0,0,3,7,2,6,0,0,0,106,6,0,8,13,5,10,0,0,32,15,0,47
hsa-miR-361-3p,93,27,0,12,16,4,31,15,3,17,1,24,136,35,24,37,49,38,80,17,0,57,18,57,81
hsa-miR-3614-3p,59,0,0,0,14,0,2,7,0,0,0,0,50,0,9,0,0,0,0,0,0,0,0,0,0
hsa-miR-3614-5p,322,0,0,0,0,1,0,12,3,6,0,0,0,4,4,0,1,1,0,0,0,6,0,0,0
hsa-miR-3615,17,0,2,3,0,0,2,0,5,3,0,1,2,5,0,1,20,6,8,0,0,9,1,0,0
hsa-miR-361-5p,1972,4559,63,9147,3807,2628,5397,14330,1455,11034,334,4135,46139,18196,7383,18027,20648,11507,8746,7103,0,11135,1649,0,30613
hsa-miR-362-3p,487,0,7,63,21,10,106,15,8,23,4,99,462,31,12,58,98,87,760,13,0,144,10,0,336
hsa-miR-362-5p,1653,6720,204,31608,25867,6344,14701,34243,2706,22423,624,6510,38766,32983,26058,54575,56796,45418,31724,12165,0,18338,8840,6873,43572
hsa-miR-363-3p,667,5547,40,4983,5267,866,2867,7718,5539,2696,86,1788,20300,16947,2953,10276,15199,10145,5226,7397,0,5262,801,869,13499
hsa-miR-3658,1,0,0,0,0,0,2,0,0,0,0,0,0,0,0,0,0,0,0,0,0,0,0,0,0
hsa-miR-3688-3p,11,0,0,0,15,0,0,0,0,2,0,0,0,0,0,0,7,2,0,4,0,0,0,0,0
hsa-miR-369-3p,23,0,0,0,0,5,1,33,8,3,0,0,58,27,16,8,19,17,42,36,0,0,0,0,12
hsa-miR-371b-3p,24,0,0,0,0,0,0,0,0,0,0,0,0,0,0,0,0,0,0,0,0,0,0,0,0
hsa-miR-371b-5p,94,0,0,0,0,2,0,1,0,0,0,0,0,0,0,5,0,0,21,0,0,0,0,0,0
hsa-miR-374a-3p,761,253,0,292,65,52,307,359,139,110,11,133,3477,470,161,566,697,461,844,128,0,1202,452,0,2046
hsa-miR-374a-5p,3722,236,11,178,214,32,404,112,105,48,9,120,2461,329,75,201,321,297,1080,104,0,801,235,0,1534
hsa-miR-374b-3p,101,42,0,67,29,17,61,63,22,35,2,85,603,49,15,86,107,77,279,31,0,139,51,0,289
hsa-miR-374b-5p,2112,644,10,725,429,154,1162,726,237,266,27,247,3723,1498,359,1733,1870,1246,1769,313,0,1044,357,0,2352
hsa-miR-374c-5p,16,21,0,6,0,1,9,0,2,11,0,30,18,10,1,16,20,17,9,0,0,1,0,0,7
hsa-miR-375-3p,983,62195,308,8061,35135,5013,1959,22049,31718,6733,336,1013,43039,60097,531,3167,37130,7158,1528,32441,0,2905,2963,1496,14504
hsa-miR-376a-3p,1,0,0,0,1,0,0,9,1,0,0,0,7,3,0,0,6,0,2,0,0,1,1,0,0
hsa-miR-376c-3p,21,17,2,8,113,6,13,56,15,8,0,3,149,37,10,34,64,43,146,41,0,7,29,0,34
hsa-miR-377-3p,45,0,0,0,0,0,2,5,1,0,0,0,35,19,0,10,8,1,0,0,0,9,5,0,30
hsa-miR-378a-3p,1334,983,119,1630,2461,630,1251,1628,860,1876,229,1299,4162,1418,1284,2074,3550,2050,3976,2259,0,2308,1855,3789,1412
hsa-miR-378a-5p,261,0,1,2,0,6,20,17,8,2,0,0,0,28,14,44,48,43,10,21,0,0,18,0,14
hsa-miR-378b,2,0,10,0,0,1,5,0,0,0,0,0,0,0,0,0,0,0,0,0,0,1,0,0,0
hsa-miR-378c,186,204,27,463,434,238,292,524,102,468,37,252,485,443,312,656,763,450,725,653,0,254,83,729,240
hsa-miR-378d,9,0,0,0,0,0,1,1,0,2,0,0,0,0,0,1,4,0,0,0,0,0,0,0,1
hsa-miR-378i,3,0,0,0,0,1,0,0,0,1,0,0,2,1,1,1,1,1,2,1,0,0,2,1,0
hsa-miR-381-3p,4,0,0,0,36,3,4,7,2,0,0,0,36,15,0,12,22,11,56,16,0,2,0,0,15
hsa-miR-382-5p,18,7,1,0,123,16,14,19,37,23,1,0,59,62,24,0,47,0,0,72,5,9,14,0,27
hsa-miR-383-5p,8,0,0,1,0,0,0,0,0,0,0,0,0,0,0,0,0,0,0,0,0,0,0,0,0
hsa-miR-3913-5p,31,0,0,16,0,1,9,3,3,13,0,0,16,2,0,5,10,8,78,1,0,0,0,0,34
hsa-miR-3940-3p,13,0,0,4,0,3,0,5,3,2,0,0,115,7,0,3,1,0,0,8,0,0,0,0,0
hsa-miR-421,349,540,12,1243,326,435,787,1203,161,1206,43,393,2419,1794,761,1458,1630,907,1313,741,0,510,261,85,1543
hsa-miR-422a,2,5,0,2,2,3,1,1,1,1,0,1,11,2,1,1,8,1,2,1,0,3,10,4,5
hsa-miR-423-3p,711,413,6,92,83,55,198,142,103,55,8,104,1973,362,106,318,496,294,435,82,0,537,56,0,1354
hsa-miR-423-5p,1539,5628,427,8108,8221,6075,3372,11275,1409,7037,328,1689,25150,7861,7043,9710,10637,5781,5202,7337,0,2986,199,3937,14100
hsa-miR-424-3p,129,135,7,231,63,73,195,610,76,197,26,367,2506,396,261,375,563,438,870,325,0,778,197,0,1420
hsa-miR-424-5p,11932,630,23,2651,811,592,2182,5023,1209,1931,130,4174,50823,4072,3538,7604,11212,9877,17166,3196,61,16956,4390,358,20577
hsa-miR-425-3p,2383,277,14,536,564,147,394,511,292,391,39,95,898,662,476,407,747,605,743,287,0,265,399,1,597
hsa-miR-425-5p,11677,588,20,1024,243,315,760,724,369,218,59,292,4098,970,716,1212,2091,1434,1600,284,0,854,387,71,1867
hsa-miR-4286,59,163,1,81,240,59,106,45,86,24,10,12,19,93,8,41,66,82,124,44,0,20,6,15,20
hsa-miR-429,4161,1153,51,2419,1263,570,3003,2528,491,686,98,2149,30082,4715,2224,6284,9918,5607,7652,881,0,9166,1394,0,16649
hsa-miR-4326,9,0,0,0,0,0,0,0,0,0,0,0,0,1,0,0,0,0,0,0,0,0,0,0,0
hsa-miR-4330,1,0,0,0,0,0,0,0,0,0,0,0,0,0,0,0,0,0,0,0,0,0,0,0,0
hsa-miR-4454,38,198,4,280,319,55,91,90,78,25,1,10,203,487,29,272,206,300,173,228,0,23,29,25,60
hsa-miR-4479,1,0,0,0,0,0,1,0,0,0,0,0,0,0,0,0,0,0,0,0,0,0,0,0,0
hsa-miR-4485-3p,37,0,0,1,3,2,2,11,5,24,2,0,0,2,0,1,4,0,0,4,0,0,0,0,0
hsa-miR-4492,2,2,6,23,43,168,13,5,11,0,136,5,0,11,10,3,2,0,36,30,0,3,0,22,12
hsa-miR-450a-1-3p,153,0,0,24,0,9,19,32,10,10,0,49,178,31,21,44,58,60,94,24,0,48,31,0,43
hsa-miR-450a-2-3p,26,0,0,8,0,2,10,11,6,11,4,0,206,23,37,18,38,24,58,3,0,41,6,0,119
hsa-miR-450a-5p,2125,912,18,1665,929,407,1065,3278,727,1507,129,2221,25440,3199,1920,3661,6098,6040,9510,1954,0,8754,2252,783,16379
hsa-miR-450b-5p,699,27,0,25,8,10,60,96,23,19,6,52,643,93,75,108,188,149,294,28,0,250,40,0,405
hsa-miR-4510,3,18,2,12,6,13,18,13,9,21,1,3,17,17,6,14,16,6,8,19,0,5,18,3,17
hsa-miR-451a,4586,105,7,76,33,46,548,3521,21,29,12,224,446,21,6,2399,1,112,947,1327,0,91,1564,0,0
hsa-miR-452-5p,122,50,20,150,119,84,75,68,71,113,7,66,382,114,91,166,302,167,421,19,0,133,180,102,242
hsa-miR-454-3p,2741,289,3,261,195,73,302,212,208,305,33,86,1363,384,80,520,606,394,952,135,0,376,660,0,941
hsa-miR-454-5p,25,0,0,4,0,0,0,3,0,3,0,0,0,2,0,1,0,0,0,0,0,0,0,0,0
hsa-miR-455-3p,57,1270,25,2688,555,812,1541,3790,360,1620,197,961,5809,2853,1562,1974,3079,2151,2147,2239,0,2939,302,1,2682
hsa-miR-455-5p,21,0,0,14,0,1,20,15,0,2,0,0,71,23,5,34,7,13,46,0,0,41,0,0,52
hsa-miR-4645-3p,12,0,0,0,0,0,0,0,1,0,0,0,0,0,0,0,0,0,0,0,0,0,0,0,0
hsa-miR-4662a-5p,29,16,0,10,0,2,31,41,1,8,2,35,64,41,21,36,74,46,64,15,0,68,5,0,36
hsa-miR-4668-3p,11,0,0,0,0,0,0,0,0,0,0,0,0,0,0,0,0,0,0,0,0,0,0,0,0
hsa-miR-4677-3p,47,15,0,15,0,3,9,10,0,0,0,0,0,10,0,23,7,11,12,4,0,3,0,0,31
hsa-miR-4685-3p,12,0,0,0,0,0,2,8,0,2,0,0,12,0,0,0,6,0,0,0,0,0,0,0,0
hsa-miR-4708-5p,20,0,0,0,0,0,0,0,0,0,0,0,0,0,0,0,2,0,0,0,0,0,0,0,0
hsa-miR-4742-3p,16,0,0,0,0,0,0,0,0,0,0,0,0,0,0,0,0,0,0,0,0,0,0,0,0
hsa-miR-4772-3p,550,0,0,0,0,0,0,0,1,0,0,0,0,0,0,0,0,5,0,0,0,0,0,0,0
hsa-miR-4772-5p,138,0,0,0,0,0,0,0,0,0,0,0,0,0,0,0,0,0,0,0,0,0,0,0,0
hsa-miR-4775,65,21,0,4,0,0,12,3,3,0,0,0,42,3,0,16,7,0,17,0,0,0,2,0,0
hsa-miR-4778-3p,1,0,0,0,15,0,0,0,0,0,0,0,0,1,0,0,0,0,1,0,0,0,0,0,0
hsa-miR-4802-5p,7,5,0,0,0,0,2,0,0,0,0,0,28,1,0,3,11,5,17,0,0,8,0,0,14
hsa-miR-484,645,64,5,296,416,105,438,573,137,397,28,176,1020,979,754,753,910,391,411,514,0,425,110,0,857
hsa-miR-486-3p,41,2,0,115,11,0,0,2,3,4,1,0,28,1,0,6,5,0,0,9,0,19,4,0,10
hsa-miR-486-5p,95,128,9,95,6,66,136,10142,80,108,15,559,165,139,114,958,147,85,241,4846,112,344,2096,106,96
hsa-miR-489-3p,26,33,5,239,201,148,262,984,157,369,29,90,926,710,303,810,721,740,540,238,0,188,193,0,501
hsa-miR-491-3p,31,0,0,0,0,0,0,3,4,0,0,0,0,1,0,0,3,11,34,7,0,0,0,0,0
hsa-miR-491-5p,63,139,0,43,198,11,8,38,109,9,5,0,68,74,16,29,68,51,89,90,0,22,8,0,34
hsa-miR-493-5p,15,0,0,3,0,2,6,41,7,8,0,0,38,32,0,2,10,13,49,25,0,5,8,0,0
hsa-miR-497-5p,98,155,2,20,84,20,42,81,116,54,0,15,370,79,1,70,82,88,36,79,0,43,3,0,86
hsa-miR-499a-5p,69,24,2,54,82,59,140,146,27,111,10,77,915,141,89,227,312,258,565,59,0,319,85,92,434
hsa-miR-500a-3p,2,305,8,2183,1299,562,985,2925,178,2017,69,493,2594,2049,1800,3447,3474,2228,1517,880,0,830,215,6,2598
hsa-miR-500a-5p,910,291,15,1876,1119,430,1525,1832,141,1688,73,842,6475,2036,1544,5076,3729,2505,2189,554,0,2805,1041,0,6003
hsa-miR-501-3p,675,7373,102,20086,21593,3635,5035,16619,1091,8424,273,1953,6609,9552,8815,12315,11483,9072,10531,9048,0,2517,2442,690,5861
hsa-miR-501-5p,82,27,4,153,87,60,126,139,9,142,5,144,866,180,120,285,161,212,353,108,0,262,145,243,366
hsa-miR-502-3p,159,538,32,2439,1736,695,1453,3325,209,1697,70,545,6523,2449,1902,4711,4376,3330,2257,1084,0,2087,273,175,4488
hsa-miR-503-3p,1,0,0,0,0,0,0,0,0,0,0,0,0,0,0,5,0,0,17,0,0,5,0,0,0
hsa-miR-503-5p,172,35,1,149,65,36,103,225,58,183,28,139,1227,267,258,309,627,398,550,228,0,259,92,0,400
hsa-miR-505-3p,1349,104,7,122,57,62,216,212,53,117,26,17,249,225,128,316,532,278,269,78,0,184,48,0,147
hsa-miR-508-3p,32,28,2,20,37,16,22,38,43,25,0,12,112,17,24,9,16,21,40,12,0,48,47,0,30
hsa-miR-508-5p,12,30,0,4,14,5,7,32,5,16,7,14,89,27,12,12,8,15,22,28,0,29,23,0,0
hsa-miR-509-3p,8,0,0,0,0,0,1,0,5,4,0,0,0,1,0,0,0,0,0,34,0,0,0,0,0
hsa-miR-513b-5p,28,0,0,16,44,3,9,25,8,20,2,30,167,15,7,4,34,10,70,14,0,45,0,0,5
hsa-miR-513c-5p,1,11,0,0,41,2,1,10,5,15,0,0,61,4,0,15,4,0,0,3,0,8,22,0,0
hsa-miR-514a-3p,13,14,0,7,1,3,6,30,3,10,2,25,111,18,4,16,19,12,7,9,0,32,3,0,10
hsa-miR-514a-5p,63,11,0,11,0,3,24,77,30,21,0,29,430,41,21,33,43,37,97,37,0,48,101,0,3
hsa-miR-516a-5p,7,43,0,145,123,27,0,1,1,1,1,0,833,80,74,37,15,211,296,93,0,99,38,46,393
hsa-miR-518b,23,0,0,3,0,0,2,0,0,0,0,0,0,2,0,0,0,0,0,11,0,0,0,0,4
hsa-miR-532-3p,247,313,12,558,750,188,635,899,87,768,63,261,3079,1569,798,1558,1554,1228,759,505,0,982,378,60,3240
hsa-miR-532-5p,2850,3236,235,6753,7873,2007,5007,7270,2050,5717,533,2491,35121,6328,4308,11718,11628,11866,15923,2886,0,13903,11886,474,26624
hsa-miR-542-3p,133,0,0,15,0,0,2,9,2,4,0,23,304,22,8,28,26,59,83,19,0,161,13,0,152
hsa-miR-542-5p,118,8,0,29,35,12,33,92,14,42,9,53,354,93,36,65,150,185,291,73,0,65,65,46,121
hsa-miR-545-3p,35,0,0,0,0,0,4,0,0,0,0,0,23,2,0,0,2,12,0,0,0,8,0,0,37
hsa-miR-548a-5p,28,0,0,0,0,0,0,0,0,0,0,0,29,5,0,7,7,5,0,2,0,0,0,0,0
hsa-miR-548ab,2,2,0,0,0,1,2,5,0,1,0,2,0,2,0,0,2,4,7,0,0,1,2,0,0
hsa-miR-548ac,1,0,0,0,0,0,0,0,0,0,0,0,0,0,0,0,0,0,0,0,0,0,0,0,0
hsa-miR-548am-5p,1,0,0,0,0,0,2,0,0,0,0,0,5,0,4,1,1,2,1,0,0,0,0,0,0
hsa-miR-548aq-3p,3,0,0,0,0,0,0,0,0,0,0,0,3,0,0,0,0,0,0,0,0,0,0,0,0
hsa-miR-548as-5p,1,0,0,0,0,0,0,1,0,0,0,0,0,0,0,0,0,0,0,0,0,0,0,0,0
hsa-miR-548at-5p,15,0,0,0,0,2,7,5,0,4,0,7,0,4,0,6,3,7,0,0,0,18,3,0,24
hsa-miR-548ax,8,36,1,43,21,10,39,56,44,56,3,0,110,62,5,49,34,60,0,25,0,3,4,0,82
hsa-miR-548az-5p,20,0,0,0,0,0,15,8,3,2,0,0,5,6,8,0,12,0,79,32,0,4,43,0,40
hsa-miR-548bc,22,0,0,0,0,0,0,0,0,0,0,0,0,0,0,0,0,0,0,0,0,0,0,0,0
hsa-miR-548c-5p,2,0,0,0,0,0,0,1,0,0,0,0,4,1,1,0,5,0,0,0,0,0,0,0,0
hsa-miR-548d-3p,222,0,0,0,0,0,0,0,0,0,0,0,0,0,0,0,0,0,0,0,0,0,6,0,0
hsa-miR-548d-5p,29,2,0,6,0,4,6,4,2,4,0,3,22,6,0,2,7,6,10,1,0,7,5,0,2
hsa-miR-548e-3p,323,0,0,0,0,0,3,5,2,0,0,0,52,0,0,18,4,0,0,0,0,0,0,0,0
hsa-miR-548e-5p,14,0,0,0,0,0,0,0,3,0,0,0,0,0,0,0,0,0,0,0,0,3,0,0,0
hsa-miR-548h-3p,12,0,0,0,0,0,1,0,0,0,0,0,2,0,0,0,0,1,0,0,0,0,0,0,2
hsa-miR-548m,10,0,0,1,0,0,0,0,0,1,0,0,1,0,0,0,0,0,0,0,0,0,0,0,0
hsa-miR-548n,33,0,0,4,0,4,31,41,8,9,0,0,135,30,19,32,78,33,95,8,0,14,12,0,68
hsa-miR-548o-3p,6,0,0,0,2,0,0,0,0,0,0,0,6,0,0,0,2,0,0,0,0,0,0,0,1
hsa-miR-548o-5p,3,0,0,0,0,0,0,2,0,2,0,0,15,0,2,0,2,0,0,0,0,1,0,0,0
hsa-miR-548w,114,0,0,6,0,0,0,0,2,0,0,0,3,5,0,1,0,0,18,1,0,0,1,0,5
hsa-miR-548z,6,0,0,0,0,0,0,1,0,0,0,0,2,0,0,1,1,1,0,0,0,0,0,0,1
hsa-miR-550a-3p,57,0,0,0,0,0,3,0,0,0,0,0,0,4,0,1,0,0,0,0,0,8,0,0,0
hsa-miR-550a-5p,63,16,1,208,105,49,91,116,39,87,0,5,76,91,114,112,177,105,106,98,0,23,21,0,75
hsa-miR-551a,97,0,0,0,0,1,3,0,0,0,0,0,0,0,0,0,2,0,0,0,0,0,0,0,0
hsa-miR-551b-3p,15,0,1,0,0,0,4,0,0,6,0,0,33,5,0,13,3,10,0,0,0,0,0,0,0
hsa-miR-556-5p,90,32,0,212,148,68,173,262,65,128,10,83,454,261,131,254,458,251,324,183,0,148,109,0,200
hsa-miR-5583-5p,33,0,0,0,0,0,0,0,0,0,0,0,0,0,0,0,0,0,0,0,0,0,0,0,0
hsa-miR-5701,177,0,0,0,0,0,0,0,0,0,0,0,0,0,0,0,4,0,0,0,0,0,0,0,0
hsa-miR-570-3p,187,23,0,102,64,60,140,59,24,68,3,32,161,141,70,104,161,287,175,7,0,135,36,0,174
hsa-miR-574-3p,1921,1493,10,538,881,287,939,990,567,630,50,435,2895,2525,396,1053,1987,1156,1234,838,0,588,328,357,1629
hsa-miR-574-5p,1393,1821,85,571,1461,114,236,213,931,232,58,90,183,465,210,203,1929,278,723,447,0,191,489,542,180
hsa-miR-576-3p,76,28,1,23,15,10,4,32,10,9,3,0,0,14,28,0,15,17,12,17,0,28,6,77,30
hsa-miR-576-5p,578,0,0,5,46,4,19,31,3,20,0,22,67,56,9,42,38,38,28,10,0,111,11,0,141
hsa-miR-577,142,61,10,66,67,14,57,59,67,110,4,19,140,274,23,41,32,34,93,2,0,42,59,0,73
hsa-miR-579-3p,136,0,0,0,15,0,2,0,0,0,0,0,23,4,0,1,1,0,0,0,0,7,0,0,10
hsa-miR-582-3p,202,44,0,8,0,10,41,8,17,6,0,13,164,31,30,36,68,85,87,9,0,53,0,0,112
hsa-miR-582-5p,12313,441,11,437,257,244,1195,323,191,334,14,132,2900,913,264,1930,2537,2615,1572,104,0,1313,118,0,2372
hsa-miR-584-5p,69,152,4,254,28,67,75,78,21,81,79,115,1142,109,275,116,244,147,573,104,0,232,56,0,617
hsa-miR-589-3p,40,16,0,23,0,0,8,10,1,15,0,0,67,27,14,11,40,21,43,0,0,60,2,0,48
hsa-miR-589-5p,52,66,0,62,62,15,38,64,30,56,6,27,170,108,41,71,150,103,80,19,0,27,15,111,102
hsa-miR-590-3p,1263,26,0,26,5,14,68,76,15,21,0,34,1131,130,20,189,154,137,255,14,0,314,78,0,762
hsa-miR-590-5p,87,0,0,0,0,0,0,0,0,0,0,0,0,0,0,0,4,0,0,0,0,16,7,0,28
hsa-miR-598-3p,74,409,21,298,152,151,500,309,200,345,96,274,2442,325,162,586,645,502,932,150,0,873,498,0,1387
hsa-miR-6131,3,4,0,2,11,4,8,14,8,12,4,1,4,9,2,4,6,0,1,7,0,1,2,1,2
hsa-miR-616-5p,23,0,0,0,0,1,2,6,0,0,0,0,0,4,0,0,2,1,0,0,0,0,0,0,0
hsa-miR-618,502,0,0,0,0,0,16,0,0,1,0,0,78,11,14,0,26,12,0,5,0,0,0,0,32
hsa-miR-619-5p,26,57,11,67,166,469,35,38,82,7,134,82,25,46,2,142,31,55,223,0,0,8,8,75,14
hsa-miR-624-5p,75,27,2,35,15,6,20,31,3,13,0,7,21,13,0,15,28,19,0,17,0,41,0,0,6
hsa-miR-625-5p,101,58,3,84,92,43,40,66,54,71,13,16,78,87,29,84,117,58,49,48,0,24,25,0,53
hsa-miR-627-5p,24,41,2,61,55,8,41,59,17,30,1,0,199,65,45,59,80,68,80,30,0,75,49,0,69
hsa-miR-628-3p,98,304,17,1090,438,537,1009,1205,371,1199,50,136,778,1083,558,1236,1188,736,622,503,0,287,174,0,918
hsa-miR-628-5p,349,0,0,7,9,3,21,13,4,2,0,0,53,10,0,22,17,17,0,0,0,30,39,0,103
hsa-miR-629-3p,42,0,0,5,0,9,8,1,7,3,7,0,0,5,15,17,14,12,0,0,0,10,0,0,0
hsa-miR-629-5p,65,122,12,68,150,50,49,71,113,66,12,0,114,51,51,116,98,80,77,35,0,66,108,0,83
hsa-miR-641,122,118,10,564,388,59,310,338,73,225,15,198,829,357,174,487,719,484,386,78,0,300,118,0,590
hsa-miR-643,18,0,0,0,0,0,0,0,0,0,0,0,0,0,0,0,0,0,0,0,0,14,0,0,0
hsa-miR-6511b-3p,18,0,0,0,0,0,2,0,0,0,3,14,61,11,0,0,3,0,0,4,0,0,0,0,0
hsa-miR-651-5p,125,11,3,13,26,16,25,28,6,19,9,0,325,58,47,69,70,41,308,24,0,123,99,0,249
hsa-miR-652-3p,1242,385,39,1200,1103,492,617,1012,457,907,99,122,1963,824,651,1436,1749,1059,741,460,0,604,562,88,1445
hsa-miR-652-5p,118,0,0,39,12,0,23,38,7,6,4,17,183,23,17,94,42,28,67,3,0,90,14,0,101
hsa-miR-653-3p,9,22,6,106,228,17,105,310,82,151,6,116,1446,222,173,217,453,627,519,68,0,459,83,0,816
hsa-miR-660-3p,27,1,0,1,84,3,19,16,8,6,2,0,27,16,11,84,62,70,90,11,0,58,9,0,75
hsa-miR-660-5p,1310,272,13,561,603,151,468,635,161,341,23,484,4395,660,340,1184,1284,1237,3014,292,0,1804,1657,0,2907
hsa-miR-664a-3p,2353,280,4,212,49,89,526,284,82,224,29,363,4489,935,184,776,773,307,1113,232,0,1411,149,0,2892
hsa-miR-664a-5p,226,244,20,477,507,228,276,650,127,733,42,244,881,511,647,715,1071,399,483,285,0,321,221,47,513
hsa-miR-664b-3p,68,0,0,0,25,2,17,26,3,14,3,14,146,17,4,37,29,35,80,6,0,66,0,0,120
hsa-miR-671-3p,10,17,1,44,26,7,13,33,9,13,0,0,55,46,19,26,35,30,3,13,0,21,3,0,102
hsa-miR-671-5p,27,1,0,8,17,4,8,19,12,5,1,45,71,31,18,12,24,25,22,31,0,25,32,217,64
hsa-miR-6734-5p,36,0,0,7,0,3,7,0,4,3,1,0,33,9,0,3,6,4,0,2,0,0,0,0,0
hsa-miR-6791-5p,1,0,0,0,0,0,1,0,0,0,0,0,0,0,0,0,0,0,0,0,0,0,0,0,0
hsa-miR-6828-5p,3,0,0,0,0,0,0,0,0,0,0,0,0,0,0,0,1,0,0,0,0,0,0,0,0
hsa-miR-6873-5p,10,0,0,0,0,0,0,0,0,0,3,0,0,0,0,0,0,0,0,3,0,0,0,0,0
hsa-miR-6882-5p,9,0,0,1,0,0,0,5,1,6,0,0,0,1,0,0,3,3,0,0,0,5,0,0,19
hsa-miR-6894-5p,2,0,0,0,0,0,0,0,0,3,0,0,0,4,0,7,0,0,0,0,0,0,0,0,0
hsa-miR-708-5p,191,81,5,101,82,43,125,106,93,109,21,225,664,230,69,134,163,170,440,239,110,333,546,0,185
hsa-miR-7114-3p,1,0,0,0,0,0,0,0,0,0,0,0,0,0,0,0,0,0,0,0,0,0,0,0,0
hsa-miR-7-1-3p,1415,24,2,59,0,31,134,45,17,33,7,80,338,106,22,49,124,35,102,63,0,139,30,0,177
hsa-miR-744-5p,198,1077,57,1216,1633,485,749,1092,621,1188,173,332,3959,1499,1041,937,2290,1071,901,982,0,1314,292,884,2376
hsa-miR-7-5p,2392,272,0,72,235,37,61,29,67,30,9,19,136,103,17,55,127,90,206,43,0,74,330,56,98
hsa-miR-766-3p,45,64,0,34,77,9,26,38,9,35,3,0,149,157,52,72,79,99,56,11,0,57,0,0,196
hsa-miR-769-3p,31,8,0,2,0,0,1,0,0,0,0,0,0,4,0,6,2,6,0,0,0,8,0,67,0
hsa-miR-769-5p,232,17,2,185,115,43,110,136,38,86,5,43,544,189,108,198,350,312,135,82,0,134,3,648,329
hsa-miR-7705,25,0,0,8,0,10,19,6,2,7,0,0,49,11,0,14,8,16,39,8,0,10,4,0,53
hsa-miR-7706,24,0,0,32,0,4,21,30,5,36,2,0,163,24,26,31,38,20,14,24,0,53,23,0,34
hsa-miR-7847-3p,5,1,0,0,1,0,0,0,26,1,0,0,0,1,0,2,2,3,25,0,0,0,3,0,0
hsa-miR-7977,54,84,2,611,247,63,334,321,127,201,11,10,274,1000,182,1183,655,1239,500,470,0,166,35,289,270
hsa-miR-8079,1,0,0,0,0,0,0,0,0,0,0,0,0,0,0,0,0,0,0,0,0,0,0,0,0
hsa-miR-8485,9,0,0,0,0,0,0,3,1,0,0,3,0,1,0,0,0,0,6,0,0,1,0,0,0
hsa-miR-873-5p,10,0,0,3,0,2,4,0,5,0,0,0,0,4,0,0,0,3,12,0,0,8,0,0,0
hsa-miR-874-3p,128,145,8,1060,711,212,539,1078,116,322,26,223,3074,1046,822,2459,2444,2717,1545,349,0,1113,95,254,1970
hsa-miR-874-5p,34,30,0,532,157,91,192,534,36,522,12,136,509,540,271,960,825,768,364,238,0,221,145,0,338
hsa-miR-876-5p,11,0,0,0,0,0,0,0,0,0,0,0,0,0,0,2,0,0,0,0,0,4,0,0,0
hsa-miR-887-3p,20,17,0,51,57,7,29,14,21,24,0,0,78,21,0,4,21,19,110,13,0,11,31,0,5
hsa-miR-888-5p,11,8,0,81,3339,6,65,74,18,76,5,0,1021,169,58,24,44,386,829,23,0,289,80,0,468
hsa-miR-890,15,0,2,43,2523,0,16,47,7,12,0,8,223,46,9,38,31,92,142,10,0,44,26,0,139
hsa-miR-891a-5p,10,15,1,197,2540,5,116,709,15,272,4,34,2550,693,479,161,169,927,841,79,0,435,52,0,1029
hsa-miR-92a-3p,2496,957,54,1088,433,542,2244,2969,600,1864,154,930,12980,4369,1764,2873,5350,1564,3016,1581,0,3170,846,77,10219
hsa-miR-92b-3p,126,81,4,340,65,123,573,1348,73,858,34,170,4759,1069,897,791,1766,399,500,341,0,1056,134,0,3584
hsa-miR-93-3p,177,61,6,131,61,41,137,184,48,102,10,87,833,298,286,257,342,244,177,151,0,325,96,160,543
hsa-miR-934,81,88,2,66,19,17,62,7,5,6,2,32,142,65,71,76,88,110,141,8,0,28,6,140,132
hsa-miR-93-5p,64777,2910,288,3206,3916,1388,4788,1804,3265,2860,499,2475,30346,2417,1699,3114,5127,2882,15605,1469,273,13899,13305,0,16677
hsa-miR-9-3p,218,269,21,869,773,242,1593,746,159,744,45,315,3950,656,470,1302,1881,1001,2093,175,0,1316,1231,0,3030
hsa-miR-941,753,314,11,922,560,218,458,1756,334,1029,48,137,1303,1097,1121,647,1664,443,248,853,0,266,88,79,488
hsa-miR-942-5p,7,1,0,0,0,0,7,16,1,5,0,0,4,8,3,6,14,2,0,0,0,0,3,0,0
hsa-miR-944,22,0,0,0,0,3,3,0,0,5,0,18,0,0,0,5,0,0,0,0,0,20,79,0,0
hsa-miR-95-3p,408,313,15,135,83,93,493,330,453,491,40,473,2868,557,190,338,755,835,2197,388,0,1359,1610,0,1717
hsa-miR-9-5p,426,126,15,515,217,177,1155,525,90,505,28,167,11016,519,506,1296,2240,859,1189,114,0,3980,346,140,5894
hsa-miR-96-5p,3908,4237,81,4540,9594,1614,6540,4392,3259,1588,121,510,6128,7133,3289,7021,7525,9310,7948,1875,0,2063,1737,379,4012
hsa-miR-98-3p,584,38,0,89,50,31,185,70,20,45,5,92,711,189,53,411,268,198,245,29,0,364,32,85,518
hsa-miR-98-5p,1800,2324,91,2059,761,913,2587,1460,1059,1795,233,496,4174,2615,832,1886,4551,1445,1899,1283,15,1538,3962,32,2830
hsa-miR-9985,2,0,0,4,0,2,1,2,1,1,0,0,5,11,3,1,5,3,1,0,0,3,0,0,3
hsa-miR-99a-3p,44,117,13,101,99,49,118,103,29,96,1,66,517,97,112,244,239,195,247,72,0,99,98,0,207
hsa-miR-99a-5p,425,16352,129,17946,24876,2806,8478,22814,3370,7108,376,1765,14542,17418,10764,12142,19403,14850,10000,12007,0,5618,5505,747,9736
hsa-miR-99b-3p,78,88,5,83,266,74,143,117,60,146,6,42,602,97,95,215,231,178,298,69,0,223,171,0,421
hsa-miR-99b-5p,2978,9164,211,36109,12195,7156,25574,46903,4805,20826,1097,3846,35095,34331,24857,29297,47471,19242,17077,15901,0,9652,6780,1512,24354
hsa-miR-125b-1-3p,0,65,0,54,0,20,36,56,8,35,2,0,104,37,95,92,59,36,57,102,0,22,28,0,25
hsa-miR-125b-2-3p,0,106,7,141,371,74,100,190,31,107,9,27,393,119,86,202,262,191,115,128,0,124,41,64,208
hsa-miR-1275,0,10,0,7,0,1,3,1,4,2,2,0,3,5,1,3,2,1,0,5,0,0,3,0,0
hsa-miR-1285-3p,0,54,2,70,121,50,48,70,15,26,7,0,37,29,21,67,52,61,92,48,0,28,2,0,33
hsa-miR-129-5p,0,9,0,70,61,7,34,63,4,47,7,0,384,35,7,4,56,83,32,23,0,69,8,0,216
hsa-miR-130a-5p,0,20,0,4,15,0,12,0,1,13,2,0,0,10,0,24,19,20,0,0,0,12,7,0,0
hsa-miR-1343-3p,0,24,0,9,6,0,4,10,0,4,0,0,0,12,10,5,7,0,0,9,0,0,0,0,7
hsa-miR-135a-2-3p,0,43,0,15,134,6,15,52,63,15,1,53,94,47,0,5,58,17,0,8,0,31,14,0,27
hsa-miR-148b-5p,0,22,0,0,0,0,0,0,0,0,0,0,0,0,0,0,0,0,0,0,0,0,0,0,0
hsa-miR-188-3p,0,46,0,33,0,3,34,43,27,1,0,28,165,39,24,80,117,141,168,7,0,102,39,0,84
hsa-miR-1912-3p,0,8,0,0,0,0,0,4,1,0,0,0,0,0,0,0,1,0,0,0,0,0,0,0,0
hsa-miR-194-3p,0,10,0,13,0,7,5,13,0,19,3,16,83,21,6,2,23,12,31,18,0,34,20,0,13
hsa-miR-199a-5p,0,14,0,0,6,3,0,0,0,0,1,0,22,6,0,14,16,12,7,0,0,0,0,0,16
hsa-miR-20b-3p,0,243,0,85,104,34,57,251,285,46,6,63,621,445,29,225,276,230,69,313,0,98,110,139,309
hsa-miR-219a-1-3p,0,19,0,0,0,1,0,0,0,0,0,0,0,4,0,0,9,3,0,1,0,0,0,0,18
hsa-miR-222-5p,0,29,0,9,17,0,14,42,13,26,7,11,227,35,0,39,87,26,24,10,0,6,17,0,40
hsa-miR-2276-3p,0,85,1,41,69,13,27,45,19,47,7,0,70,33,15,67,68,28,34,4,0,0,41,0,85
hsa-miR-23b-5p,0,7,0,4,22,6,5,8,3,6,0,0,0,16,10,15,13,12,10,0,0,0,3,0,6
hsa-miR-3064-5p,0,5,0,0,0,2,1,5,1,0,0,0,0,1,6,6,5,0,14,0,0,0,0,0,7
hsa-miR-3074-3p,0,160,0,54,55,14,34,45,12,47,7,0,2,41,28,52,68,28,1,19,0,13,16,0,13
hsa-miR-3173-3p,0,17,1,0,0,0,0,0,1,0,0,0,0,0,0,0,0,0,0,0,0,0,0,0,0
hsa-miR-3177-3p,0,2,0,2,0,0,3,4,0,1,0,0,0,8,0,0,1,2,0,0,0,0,0,0,0
hsa-miR-3187-5p,0,25,0,0,0,0,0,6,0,0,3,0,0,0,9,0,0,0,0,5,0,0,0,0,0
hsa-miR-3200-3p,0,21,1,5,18,3,3,21,3,2,0,0,0,0,0,9,29,8,0,0,0,14,0,0,0
hsa-miR-320c,0,10,1,4,16,4,3,11,0,9,0,0,10,2,3,10,7,0,13,3,0,12,1,1,15
hsa-miR-331-5p,0,43,0,34,17,6,20,38,16,32,9,18,104,32,13,31,39,47,87,22,0,0,30,0,111
hsa-miR-33b-3p,0,13,0,9,20,1,6,64,36,2,8,0,140,108,64,16,96,39,25,58,0,59,3,0,60
hsa-miR-3605-5p,0,38,0,4,0,9,6,5,6,6,0,0,0,10,1,11,8,3,0,3,0,0,0,0,17
hsa-miR-375-5p,0,102,0,22,15,17,6,23,38,0,1,0,213,134,0,0,26,13,0,58,0,0,0,665,69
hsa-miR-3909,0,17,0,3,10,12,7,15,3,10,1,0,48,14,13,8,39,14,0,16,0,8,7,0,39
hsa-miR-3936,0,1,1,0,0,13,5,16,3,2,13,0,0,4,0,0,0,0,0,10,0,0,2,0,0
hsa-miR-3943,0,9,0,10,66,2,0,0,2,0,0,0,24,22,0,0,2,2,0,13,0,0,0,0,0
hsa-miR-3944-5p,0,22,0,7,0,12,7,11,1,15,2,0,0,18,7,29,21,27,0,9,0,0,0,0,9
hsa-miR-3960,0,5,23,24,17,126,2,11,81,21,345,9,16,1,7,35,3,4,68,7,0,6,4,39,3
hsa-miR-432-5p,0,28,0,2,65,8,12,44,13,31,0,0,36,24,21,13,22,6,0,24,0,0,6,0,0
hsa-miR-4421,0,18,0,5,0,5,0,0,4,0,0,0,0,5,0,0,0,0,0,0,0,0,0,0,0
hsa-miR-4484,0,10,12,60,13,52,7,3,69,8,0,0,0,4,3,79,0,22,29,10,0,8,4,0,0
hsa-miR-4488,0,5,2,28,26,106,1,4,8,1,247,6,0,3,5,31,7,9,5,3,0,0,0,0,1
hsa-miR-4513,0,5,164,21,0,56,8,5,191,0,110,0,0,0,0,69,0,2,416,0,0,2,2,27,0
hsa-miR-4516,0,3,10,0,7,7,0,0,380,0,1,0,19,0,0,6,1,1,178,1,0,8,5,0,0
hsa-miR-4668-5p,0,1,4,0,1,0,0,0,15,0,4,0,0,0,0,0,0,0,3,0,0,0,0,0,0
hsa-miR-4683,0,9,0,12,8,5,3,9,0,9,2,9,23,11,9,24,12,3,7,26,0,6,13,0,6
hsa-miR-4750-5p,0,14,0,0,0,0,2,0,0,0,0,0,0,0,0,0,0,4,0,0,0,0,0,0,0
hsa-miR-4766-3p,0,14,0,0,0,0,0,3,0,0,0,0,0,0,0,0,2,2,5,0,0,12,0,0,15
hsa-miR-4802-3p,0,15,0,7,0,1,1,10,3,3,0,0,0,3,0,4,1,1,0,0,0,8,0,0,0
hsa-miR-487a-3p,0,16,0,0,0,2,0,35,6,17,0,0,59,41,10,0,20,3,0,29,0,0,0,0,0
hsa-miR-487b-3p,0,25,2,11,364,74,35,192,112,82,2,0,390,203,80,67,168,41,123,272,0,54,88,0,101
hsa-miR-505-5p,0,20,4,28,0,12,22,43,9,43,2,8,32,30,30,54,53,6,0,14,0,11,14,0,2
hsa-miR-5092,0,19,0,0,0,2,1,0,0,0,0,0,0,2,0,0,2,0,0,0,0,0,0,0,0
hsa-miR-509-3-5p,0,25,0,9,0,4,9,55,7,40,2,20,32,15,15,26,43,17,53,25,0,1,7,0,7
hsa-miR-5100,0,10,0,13,36,10,20,28,14,6,0,7,84,78,0,23,18,48,0,133,0,11,0,66,11
hsa-miR-510-5p,0,19,0,10,112,4,22,73,9,29,0,17,138,41,12,9,34,59,18,24,0,38,9,0,58
hsa-miR-514b-5p,0,25,3,4,25,5,14,36,10,40,0,0,224,14,0,28,45,16,89,37,0,37,6,0,21
hsa-miR-520f-5p,0,24,1,24,50,3,2,0,0,1,0,0,162,5,3,3,1,31,58,27,0,27,19,0,100
hsa-miR-548b-5p,0,2,0,1,14,3,6,1,1,7,0,0,13,1,0,1,8,5,1,10,0,0,0,0,3
hsa-miR-548j-5p,0,25,0,0,0,0,12,8,2,6,0,0,20,9,6,2,20,10,12,0,0,1,5,0,0
hsa-miR-548k,0,1,0,9,3,1,7,5,2,1,1,4,19,10,5,8,13,21,11,2,0,4,4,0,10
hsa-miR-548v,0,10,0,2,24,1,1,0,0,2,0,24,0,0,8,14,5,8,0,0,0,14,0,0,0
hsa-miR-561-5p,0,20,0,0,0,0,2,0,1,0,0,0,16,0,0,8,3,2,0,3,0,11,0,0,0
hsa-miR-5682,0,16,0,15,0,0,0,0,6,0,0,0,0,8,0,0,0,0,0,0,0,0,0,0,0
hsa-miR-5689,0,23,0,0,0,0,0,7,2,0,0,0,0,6,0,0,0,4,0,6,0,0,0,0,0
hsa-miR-6127,0,1,0,0,0,0,0,0,0,0,0,0,0,0,0,0,0,0,0,0,0,0,0,0,0
hsa-miR-615-3p,0,38,6,189,46,31,103,393,37,266,12,277,1508,461,265,436,491,119,244,595,0,916,64,31,1003
hsa-miR-6515-5p,0,17,0,0,0,5,1,10,1,2,2,0,8,0,11,5,3,1,11,0,0,8,0,0,0
hsa-miR-654-3p,0,18,1,0,0,7,12,21,7,5,0,0,53,66,11,3,38,12,51,28,0,0,0,0,7
hsa-miR-664b-5p,0,20,0,0,0,0,0,2,2,1,0,0,10,1,0,7,2,1,0,0,0,1,0,0,4
hsa-miR-6736-5p,0,20,0,0,0,2,0,0,0,0,0,0,0,0,0,0,0,0,0,0,0,0,0,0,0
hsa-miR-6859-5p,0,24,0,0,0,0,0,6,0,0,0,0,0,9,0,5,23,3,0,0,0,15,0,0,0
hsa-miR-6863,0,10,0,5,0,2,11,9,0,9,4,0,0,32,9,3,12,23,0,5,0,15,10,0,188
hsa-miR-7704,0,3,0,6,17,6,5,2,4,1,7,0,0,2,0,10,5,2,0,7,0,5,1,0,3
hsa-miR-7851-3p,0,1,0,0,0,1,0,0,0,0,0,0,0,0,0,1,0,0,2,0,0,0,0,0,0
hsa-miR-877-5p,0,61,3,88,0,56,67,81,14,91,5,15,184,62,66,88,115,46,19,11,0,32,13,0,99
hsa-miR-92a-1-5p,0,130,0,69,90,67,41,152,44,166,6,19,122,95,63,120,137,79,19,150,0,24,70,288,90
hsa-miR-940,0,7,0,20,45,0,10,27,20,3,0,0,23,13,15,60,66,20,20,43,0,26,0,0,0
hsa-miR-942-3p,0,32,0,3,0,6,0,10,0,6,0,0,0,0,0,13,6,3,0,7,0,0,0,0,13
hsa-miR-12118,0,0,3,0,0,0,0,0,0,0,0,0,0,0,1,0,0,0,0,0,0,0,0,0,0
hsa-miR-12120,0,0,1,0,0,1,0,0,8,0,0,0,0,0,0,0,0,0,0,0,0,0,0,0,0
hsa-miR-1257,0,0,1,0,0,0,0,0,0,0,0,0,0,0,0,0,0,0,0,0,0,0,0,0,0
hsa-miR-1293,0,0,1,0,0,0,0,0,0,3,0,0,0,0,0,2,0,0,0,0,0,0,0,0,0
hsa-miR-1468-3p,0,0,1,0,0,0,0,0,0,0,0,0,0,0,0,0,0,0,0,0,0,0,0,0,0
hsa-miR-149-3p,0,0,2,0,0,0,0,0,0,0,0,0,0,0,0,0,0,0,0,0,0,0,0,0,0
hsa-miR-1908-5p,0,0,1,14,107,9,0,12,4,8,1,0,0,16,12,1,5,8,34,50,0,0,0,67,6
hsa-miR-1972,0,0,3,0,7,7,0,0,0,0,0,0,0,2,0,13,0,8,0,4,0,1,0,0,0
hsa-miR-210-5p,0,0,1,25,12,7,14,7,3,15,2,0,0,10,0,38,24,3,0,0,0,8,4,0,0
hsa-miR-2277-5p,0,0,2,0,0,4,0,0,0,0,0,0,0,0,2,0,15,6,0,0,0,0,0,0,0
hsa-miR-25-5p,0,0,6,0,11,3,7,4,1,0,1,0,0,7,7,0,7,6,0,0,0,6,0,0,0
hsa-miR-296-3p,0,0,3,13,44,1,4,0,4,5,0,37,24,10,3,15,27,29,14,9,0,15,0,0,33
hsa-miR-3140-3p,0,0,1,0,0,0,0,0,0,0,0,0,0,3,0,0,11,0,0,12,0,0,0,0,0
hsa-miR-3157-5p,0,0,1,31,17,8,7,12,5,14,0,0,19,24,28,4,26,12,0,6,0,9,0,0,24
hsa-miR-3195,0,0,1,4,1,0,1,1,4,0,5,0,0,4,0,0,0,0,0,5,0,1,0,13,1
hsa-miR-320d,0,0,2,1,13,2,1,2,1,4,2,1,4,0,2,4,7,0,0,0,0,8,2,0,12
hsa-miR-3648,0,0,1,3,0,0,0,0,8,0,3,0,0,0,0,1,0,1,0,0,0,0,0,0,0
hsa-miR-365a-5p,0,0,1,5,0,4,1,0,1,6,2,0,0,13,0,9,4,0,0,0,0,2,0,0,25
hsa-miR-3662,0,0,2,0,0,0,0,0,0,0,9,0,0,0,0,0,0,0,0,0,0,0,15,0,0
hsa-miR-3664-3p,0,0,3,9,0,5,7,18,6,9,0,0,56,5,13,13,19,17,52,8,0,11,3,0,12
hsa-miR-409-5p,0,0,1,0,69,12,4,57,4,7,0,0,49,32,8,10,15,13,45,113,0,0,0,0,0
hsa-miR-4420,0,0,1,0,0,0,0,0,0,0,0,0,0,0,0,0,0,0,0,0,0,0,0,0,0
hsa-miR-4427,0,0,3,0,0,0,0,0,0,0,10,0,0,0,0,0,0,0,0,0,0,0,0,0,0
hsa-miR-4436b-3p,0,0,1,0,0,0,0,0,0,0,0,0,0,0,0,0,3,0,0,10,0,0,5,0,0
hsa-miR-4462,0,0,2,0,0,0,0,0,1,0,0,0,0,0,0,0,0,0,0,0,0,0,0,0,0
hsa-miR-4497,0,0,7,2,0,16,5,0,13,3,21,1,0,0,3,0,7,1,0,2,0,6,0,0,0
hsa-miR-4655-3p,0,0,11,0,0,4,1,0,0,0,0,0,0,0,0,0,0,0,0,0,0,0,0,0,0
hsa-miR-4665-5p,0,0,1,0,0,0,1,0,0,6,0,0,0,1,0,0,6,1,0,6,0,0,0,0,0
hsa-miR-4671-3p,0,0,1,0,0,0,0,0,0,0,0,0,0,1,0,0,0,0,0,0,0,0,0,0,0
hsa-miR-4706,0,0,1,0,0,0,0,0,0,0,0,0,0,0,0,0,0,0,0,0,0,0,0,0,0
hsa-miR-4716-3p,0,0,1,0,0,0,0,0,0,0,0,0,0,0,0,0,0,0,0,0,0,0,0,0,0
hsa-miR-4742-5p,0,0,1,8,0,2,10,40,4,18,0,13,15,16,27,14,23,16,0,0,0,21,9,0,25
hsa-miR-4787-5p,0,0,9,3,13,53,1,2,32,9,78,5,1,4,2,13,1,3,9,0,0,1,1,0,0
hsa-miR-483-5p,0,0,1,0,0,9,0,2,8,9,0,0,0,0,0,14,0,3,1,0,0,0,0,0,19
hsa-miR-492,0,0,2,13,0,0,0,0,0,1,0,0,0,0,0,0,0,0,0,0,0,0,0,0,0
hsa-miR-504-5p,0,0,1,7,67,5,4,4,1,3,0,0,14,24,0,35,0,19,0,10,0,0,0,0,11
hsa-miR-516b-5p,0,0,1,0,20,0,0,0,0,0,0,0,0,1,0,0,0,0,0,0,0,0,0,0,0
hsa-miR-5189-3p,0,0,2,0,0,0,0,0,0,0,0,0,0,0,0,0,0,0,0,0,0,0,0,0,0
hsa-miR-5194,0,0,1,0,0,0,0,0,0,0,0,0,0,0,0,0,0,0,0,0,0,0,0,0,0
hsa-miR-519c-3p,0,0,2,2,38,0,0,0,0,0,0,0,0,5,0,7,1,1,0,6,0,0,0,0,19
hsa-miR-551b-5p,0,0,2,42,28,5,1,8,7,3,0,0,34,5,0,0,3,4,0,0,0,7,0,0,41
hsa-miR-6499-5p,0,0,1,3,0,1,1,4,0,0,0,0,0,0,0,7,0,0,0,0,0,9,6,0,0
hsa-miR-6746-5p,0,0,1,0,0,0,0,0,0,0,0,0,0,0,0,0,0,0,2,0,0,0,0,0,0
hsa-miR-6754-5p,0,0,2,0,0,0,1,0,0,0,0,0,0,0,0,0,0,0,0,0,0,0,0,0,0
hsa-miR-6767-5p,0,0,1,0,0,0,0,0,1,0,0,0,0,0,0,0,0,0,0,0,0,0,0,0,0
hsa-miR-6777-5p,0,0,2,5,0,0,0,0,1,0,0,0,0,0,0,3,0,4,0,0,0,0,0,0,0
hsa-miR-6780b-5p,0,0,68,0,0,1,1,0,6,0,0,0,0,0,0,0,2,0,0,0,0,0,0,0,0
hsa-miR-6846-5p,0,0,1,0,0,0,0,0,0,0,0,0,0,0,0,0,0,0,0,0,0,0,0,0,0
hsa-miR-6866-5p,0,0,2,0,0,0,1,0,5,0,1,12,0,2,9,7,2,0,0,0,0,0,0,0,11
hsa-miR-6887-5p,0,0,2,0,0,0,0,0,0,0,0,0,0,0,0,0,0,0,0,0,0,0,0,0,0
hsa-miR-7106-3p,0,0,1,1,0,0,0,0,0,0,0,0,0,0,0,0,0,0,0,0,0,0,0,0,0
hsa-miR-7160-5p,0,0,2,0,0,0,0,0,0,0,0,0,0,0,0,0,0,0,0,0,0,0,0,0,0
hsa-miR-8069,0,0,2,0,0,10,7,0,4,0,0,0,0,0,0,0,0,0,0,0,0,0,0,0,0
hsa-miR-8088,0,0,22,0,0,1,14,0,8,3,0,0,0,0,0,0,0,0,0,0,0,0,0,0,0
hsa-miR-873-3p,0,0,1,19,32,0,4,13,3,21,0,0,0,16,9,11,9,6,24,13,0,12,8,0,0
hsa-miR-885-5p,0,0,2,0,0,0,9,10,1,5,1,0,44,8,0,24,4,8,53,12,0,19,7,0,0
hsa-miR-920,0,0,1,0,0,0,0,0,0,0,0,0,0,0,0,0,0,0,0,0,0,0,0,0,0
hsa-miR-10522-5p,0,0,0,14,13,0,0,7,0,0,0,0,0,8,0,0,5,2,0,0,0,0,0,0,0
hsa-miR-1180-5p,0,0,0,2,0,3,4,3,0,3,0,0,9,2,4,7,6,8,0,0,0,1,0,0,30
hsa-miR-12135,0,0,0,2,0,0,0,0,0,0,0,5,0,0,0,0,0,0,0,0,0,0,0,0,0
hsa-miR-1226-3p,0,0,0,7,19,0,5,23,2,1,0,0,13,19,0,15,37,3,7,25,0,22,0,0,22
hsa-miR-122b-5p,0,0,0,7,0,0,4,5,1,5,1,0,0,6,0,0,0,4,0,9,0,28,32,0,5
hsa-miR-1263,0,0,0,7,0,1,1,5,0,1,0,0,0,0,0,0,0,0,0,0,0,0,0,0,0
hsa-miR-1269b,0,0,0,1,20,0,4,0,0,0,0,0,1,0,0,0,0,0,0,10,0,4,0,0,0
hsa-miR-1276,0,0,0,4,0,0,0,6,0,0,0,0,0,0,0,0,0,0,0,0,0,8,0,0,0
hsa-miR-1277-3p,0,0,0,3,0,1,0,0,2,0,0,0,73,3,0,0,5,5,10,0,0,14,0,0,12
hsa-miR-128-1-5p,0,0,0,8,12,5,4,0,0,6,0,0,0,7,12,0,12,0,11,0,0,14,0,0,20
hsa-miR-1285-5p,0,0,0,4,0,0,0,0,0,0,0,0,0,3,4,0,0,0,0,0,0,0,0,0,0
hsa-miR-1292-5p,0,0,0,10,0,6,8,6,0,17,0,0,0,15,14,8,22,9,0,10,0,21,1,0,0
hsa-miR-1304-3p,0,0,0,19,21,6,10,51,10,15,2,20,33,23,0,16,23,33,24,12,0,37,9,0,36
hsa-miR-1323,0,0,0,11,1,3,3,3,0,1,0,0,0,18,7,0,10,10,21,0,0,0,0,0,40
hsa-miR-138-1-3p,0,0,0,44,0,12,16,55,0,49,1,10,39,18,4,35,14,7,37,14,0,35,1,0,0
hsa-miR-138-2-3p,0,0,0,22,0,0,2,20,0,3,2,0,30,3,15,0,29,7,0,6,0,0,0,0,37
hsa-miR-181b-2-3p,0,0,0,1,0,0,0,1,0,0,0,0,0,0,0,0,0,0,0,0,0,0,0,0,1
hsa-miR-181d-3p,0,0,0,5,0,0,6,0,0,0,0,0,0,0,0,0,4,2,0,0,0,0,0,0,1
hsa-miR-186-3p,0,0,0,12,0,0,3,0,0,0,0,0,31,0,0,11,1,8,0,0,0,7,0,0,0
hsa-miR-1914-3p,0,0,0,3,0,0,0,0,0,0,0,0,0,0,0,0,0,0,0,0,0,0,0,0,0
hsa-miR-196a-1-3p,0,0,0,18,0,1,13,4,0,6,0,0,0,22,4,13,17,2,30,0,0,0,0,0,57
hsa-miR-208a-3p,0,0,0,1,0,0,1,0,0,0,0,0,0,0,0,0,0,0,0,0,0,0,0,0,0
hsa-miR-216b-3p,0,0,0,11,0,0,2,0,0,0,0,0,0,0,0,0,1,0,0,0,0,0,0,0,0
hsa-miR-23a-5p,0,0,0,4,0,3,2,0,0,0,0,3,59,4,3,0,1,3,0,0,0,26,0,0,10
hsa-miR-296-5p,0,0,0,1,8,0,5,1,3,4,0,0,0,1,0,3,1,2,0,0,0,0,0,0,18
hsa-miR-302a-3p,0,0,0,15,0,0,0,0,0,0,0,0,0,2,3,0,1,2,0,0,0,19,1,0,0
hsa-miR-3074-5p,0,0,0,4,0,0,0,0,0,0,0,0,0,0,0,0,0,0,0,0,0,0,0,0,0
hsa-miR-3127-5p,0,0,0,5,0,0,6,4,0,0,0,0,0,3,0,5,12,0,0,0,0,0,0,0,0
hsa-miR-3136-5p,0,0,0,12,0,0,0,0,0,0,0,0,0,3,0,0,0,0,0,0,0,0,0,0,0
hsa-miR-3144-5p,0,0,0,2,10,14,3,7,0,0,1,0,0,1,5,5,1,8,0,0,0,0,0,0,0
hsa-miR-3149,0,0,0,3,0,0,0,0,0,0,0,0,0,0,0,0,0,0,0,0,0,0,0,0,0
hsa-miR-3158-5p,0,0,0,5,11,0,2,1,0,6,0,22,1,12,15,12,5,3,23,15,0,0,6,0,9
hsa-miR-3163,0,0,0,21,0,0,0,0,0,0,2,0,0,0,0,0,0,0,0,8,0,0,0,0,0
hsa-miR-3164,0,0,0,3,0,0,1,0,0,0,0,0,0,0,0,0,0,0,0,0,0,0,0,0,0
hsa-miR-3174,0,0,0,3,0,0,0,0,2,0,0,0,0,0,0,0,2,0,0,0,0,0,0,0,14
hsa-miR-3180-3p,0,0,0,1,0,0,0,0,0,0,1,0,0,0,1,0,0,0,0,0,0,0,0,0,0
hsa-miR-342-5p,0,0,0,5,14,5,6,11,0,7,0,0,1,14,0,17,14,6,23,2,0,2,12,0,6
hsa-miR-34c-5p,0,0,0,41,216,1,0,0,0,0,3,0,35,2,0,0,16,1,0,0,0,121,142,0,24
hsa-miR-3622a-5p,0,0,0,76,11,19,24,23,1,18,4,0,0,9,10,14,47,13,0,0,0,0,0,0,0
hsa-miR-365b-5p,0,0,0,4,0,1,1,5,0,0,0,0,0,4,0,0,0,0,0,0,0,0,0,0,0
hsa-miR-3679-5p,0,0,0,8,0,0,3,2,3,1,0,0,0,0,7,6,5,2,0,0,0,0,0,0,4
hsa-miR-3690,0,0,0,13,0,0,0,0,2,0,0,0,0,1,0,0,0,8,0,17,0,0,0,0,0
hsa-miR-369-5p,0,0,0,3,12,21,8,79,6,21,0,0,156,86,19,28,59,2,0,29,0,0,10,0,0
hsa-miR-374c-3p,0,0,0,4,0,0,2,9,1,1,1,0,0,2,0,2,3,0,0,0,0,0,0,0,0
hsa-miR-376b-3p,0,0,0,3,57,4,4,31,3,7,0,0,30,60,10,7,47,29,154,65,0,8,1,0,7
hsa-miR-3927-3p,0,0,0,9,0,3,0,0,0,4,0,0,0,2,0,9,4,0,0,0,0,0,0,0,0
hsa-miR-3928-3p,0,0,0,14,0,1,11,7,3,11,0,0,0,6,8,7,16,21,10,13,0,1,10,0,16
hsa-miR-3934-5p,0,0,0,6,0,0,2,0,0,1,0,0,0,5,0,0,7,2,0,0,0,0,0,0,0
hsa-miR-3939,0,0,0,3,0,0,0,0,0,0,0,0,0,0,0,0,0,0,0,0,0,0,0,0,0
hsa-miR-4422,0,0,0,4,0,0,3,3,0,7,0,0,0,5,15,27,3,11,0,0,0,0,0,0,21
hsa-miR-4446-3p,0,0,0,2,0,1,0,0,0,0,0,24,0,2,0,0,6,0,0,3,0,0,0,0,1
hsa-miR-4449,0,0,0,3,0,4,0,0,5,0,4,0,0,0,0,0,6,0,6,0,0,0,0,0,0
hsa-miR-449a,0,0,0,4,11,2,0,2,1,3,0,0,4,4,2,1,6,7,3,4,0,2,26,0,2
hsa-miR-449b-3p,0,0,0,11,15,0,2,4,0,3,0,0,0,3,0,3,2,0,0,0,0,0,5,0,0
hsa-miR-449c-5p,0,0,0,17,10,8,4,14,1,19,0,0,15,14,30,18,12,4,53,0,0,0,102,0,27
hsa-miR-450b-3p,0,0,0,1,0,0,0,0,0,0,0,0,0,0,0,0,0,0,0,0,0,0,0,0,0
hsa-miR-4654,0,0,0,3,0,0,0,0,0,0,0,0,0,1,0,0,0,0,0,0,0,0,0,0,0
hsa-miR-4661-5p,0,0,0,11,0,9,2,2,0,0,0,0,8,0,0,0,4,0,0,0,0,1,0,0,0
hsa-miR-4667-5p,0,0,0,19,0,4,1,5,0,13,0,0,0,0,0,0,6,1,10,3,0,0,0,0,6
hsa-miR-4717-3p,0,0,0,2,0,0,0,0,0,0,0,0,0,0,5,0,0,0,0,0,0,0,0,0,0
hsa-miR-4724-5p,0,0,0,6,40,2,0,0,2,0,0,0,0,0,31,16,0,0,0,6,0,0,0,0,13
hsa-miR-4728-5p,0,0,0,11,0,2,2,6,0,3,0,0,0,2,11,0,2,1,0,5,0,0,0,0,12
hsa-miR-4732-5p,0,0,0,8,0,1,0,6,0,0,0,0,0,0,0,0,0,0,0,8,0,0,0,0,0
hsa-miR-4756-5p,0,0,0,3,15,6,0,2,7,0,0,0,0,2,0,0,0,1,22,0,0,10,0,0,0
hsa-miR-4757-3p,0,0,0,9,0,0,2,0,0,0,0,0,0,0,0,0,0,0,0,0,0,0,0,0,0
hsa-miR-4763-3p,0,0,0,5,0,0,0,0,0,0,0,0,0,0,0,0,0,0,0,0,0,0,0,0,0
hsa-miR-4783-3p,0,0,0,5,0,0,4,0,0,1,0,0,0,0,0,7,0,0,0,0,0,0,0,0,0
hsa-miR-4796-3p,0,0,0,9,0,3,6,25,4,16,2,12,70,37,0,28,20,10,0,4,0,18,0,0,52
hsa-miR-4798-5p,0,0,0,7,0,0,0,0,0,0,0,0,0,0,0,4,1,0,0,0,0,0,0,0,0
hsa-miR-4800-5p,0,0,0,3,5,0,0,0,0,0,0,0,0,5,0,4,4,0,0,0,0,0,0,0,0
hsa-miR-485-3p,0,0,0,5,0,0,2,3,0,0,0,0,23,2,3,0,6,0,0,16,0,0,0,0,0
hsa-miR-487a-5p,0,0,0,4,0,0,0,0,0,0,0,0,0,0,0,0,0,0,0,0,0,0,0,0,0
hsa-miR-494-3p,0,0,0,2,137,4,14,57,3,0,0,0,49,35,12,12,22,6,44,67,0,15,23,0,1
hsa-miR-495-3p,0,0,0,3,0,0,1,12,0,0,0,0,0,14,0,4,22,0,0,0,0,0,7,0,18
hsa-miR-5001-3p,0,0,0,2,0,0,3,0,0,0,0,0,17,0,0,0,0,0,0,0,0,0,0,0,0
hsa-miR-5009-5p,0,0,0,5,0,0,0,0,2,0,0,0,0,0,0,0,0,0,0,0,0,0,0,0,0
hsa-miR-5010-3p,0,0,0,6,0,0,3,0,0,0,0,0,15,3,0,0,2,5,1,0,0,8,5,0,0
hsa-miR-5010-5p,0,0,0,4,2,0,0,0,1,3,0,0,15,7,0,15,13,2,0,0,0,0,0,0,2
hsa-miR-507,0,0,0,11,0,0,2,0,4,1,0,0,22,0,0,0,10,5,13,0,0,0,0,0,0
hsa-miR-5187-5p,0,0,0,18,15,0,1,3,0,1,0,0,14,5,4,9,12,1,10,1,0,5,0,0,0
hsa-miR-518f-3p,0,0,0,1,0,0,0,0,2,0,0,0,0,1,0,0,0,0,4,0,0,0,0,0,0
hsa-miR-519a-3p,0,0,0,2,7,0,1,0,0,0,0,0,35,0,1,1,0,4,9,0,0,2,1,0,24
hsa-miR-520b-5p,0,0,0,1,2,0,0,0,0,0,0,0,2,0,0,0,0,0,0,0,0,0,1,0,1
hsa-miR-520c-3p,0,0,0,3,0,0,0,0,0,0,0,0,0,0,0,0,8,0,0,1,0,0,0,0,0
hsa-miR-522-3p,0,0,0,54,11,6,6,4,0,3,1,36,169,37,29,36,6,35,126,32,0,30,73,0,210
hsa-miR-525-5p,0,0,0,5,0,0,0,0,0,0,0,0,0,3,0,0,0,2,0,0,0,0,0,0,0
hsa-miR-544b,0,0,0,11,0,0,0,0,0,0,0,0,0,21,0,21,0,0,18,0,0,0,0,0,0
hsa-miR-548aa,0,0,0,2,2,1,2,1,0,0,0,0,1,2,0,1,4,0,0,0,0,1,2,0,1
hsa-miR-548b-3p,0,0,0,16,0,0,2,7,0,0,0,0,74,11,0,8,12,7,0,6,0,0,0,0,12
hsa-miR-548h-5p,0,0,0,1,0,0,0,0,0,7,0,0,0,0,0,2,2,1,4,0,0,7,5,0,1
hsa-miR-548t-3p,0,0,0,2,1,1,1,2,0,0,0,0,1,3,2,0,2,2,1,0,0,0,0,0,0
hsa-miR-556-3p,0,0,0,6,0,1,7,5,0,1,0,0,21,25,0,21,15,11,24,0,0,0,0,0,7
hsa-miR-5587-3p,0,0,0,5,0,0,0,6,0,2,0,0,0,0,0,0,1,0,0,0,0,0,0,0,0
hsa-miR-5588-5p,0,0,0,8,0,0,2,12,3,0,0,6,0,6,0,4,4,3,0,9,0,4,0,0,0
hsa-miR-5684,0,0,0,1,0,0,0,0,0,0,0,0,5,0,0,0,1,0,0,0,0,0,0,0,1
hsa-miR-5699-5p,0,0,0,8,6,0,2,1,5,5,1,0,12,0,3,0,4,11,16,3,0,8,7,38,21
hsa-miR-592,0,0,0,8,0,0,7,0,0,7,0,0,43,9,6,0,0,4,21,8,0,46,0,0,13
hsa-miR-598-5p,0,0,0,10,0,1,8,0,4,7,0,0,29,3,0,0,2,2,0,0,0,12,10,0,0
hsa-miR-605-3p,0,0,0,25,26,8,33,20,6,18,1,0,15,27,3,28,23,15,21,12,0,0,18,0,34
hsa-miR-6126,0,0,0,1,0,0,0,0,3,0,0,0,0,0,0,0,0,0,0,0,0,0,1,0,0
hsa-miR-642a-3p,0,0,0,3,1,5,2,6,0,3,0,0,7,1,2,7,2,1,0,0,0,1,0,0,0
hsa-miR-642a-5p,0,0,0,6,0,5,1,2,0,3,0,0,0,10,0,0,2,5,0,8,0,0,3,0,33
hsa-miR-6501-3p,0,0,0,13,0,0,3,11,0,13,0,34,0,23,0,25,2,20,0,14,0,0,0,0,0
hsa-miR-6506-5p,0,0,0,8,0,2,1,0,0,3,0,0,0,3,0,13,0,0,0,0,0,0,0,0,0
hsa-miR-6509-5p,0,0,0,11,0,0,0,5,0,0,0,0,32,0,0,13,2,4,0,0,0,8,0,0,0
hsa-miR-663a,0,0,0,1,0,1,1,0,0,0,0,0,0,0,0,0,0,0,0,0,0,0,0,0,0
hsa-miR-665,0,0,0,4,0,0,0,2,0,0,0,0,0,0,0,0,3,0,0,0,0,0,0,0,0
hsa-miR-6724-5p,0,0,0,7,0,1,2,4,6,3,0,0,0,7,0,5,9,11,13,13,0,2,3,26,17
hsa-miR-6728-5p,0,0,0,6,0,0,0,0,0,0,1,0,0,0,0,0,0,0,0,0,0,0,0,0,0
hsa-miR-6730-5p,0,0,0,6,0,0,1,1,0,0,0,0,0,6,6,0,11,1,0,0,0,0,0,0,0
hsa-miR-6735-5p,0,0,0,15,0,5,0,3,5,0,4,0,0,2,16,2,10,14,0,7,0,0,0,0,19
hsa-miR-6770-5p,0,0,0,24,0,0,0,7,0,0,0,0,0,12,1,6,17,8,93,0,0,0,0,0,7
hsa-miR-6803-3p,0,0,0,3,0,0,2,0,0,0,0,0,0,5,2,0,3,0,0,0,0,0,0,0,9
hsa-miR-6807-5p,0,0,0,5,0,0,0,0,0,0,0,0,0,0,0,0,0,0,0,0,0,0,0,0,0
hsa-miR-6814-5p,0,0,0,9,0,1,3,0,0,0,0,0,0,3,0,0,2,4,0,0,0,0,0,0,0
hsa-miR-6815-5p,0,0,0,2,0,1,10,22,2,14,3,0,0,5,0,29,23,12,0,8,0,12,7,0,29
hsa-miR-6838-5p,0,0,0,14,0,1,1,5,0,0,0,0,41,8,0,10,6,14,16,7,0,0,0,0,0
hsa-miR-6875-5p,0,0,0,2,0,0,1,0,0,0,0,0,0,1,0,3,2,2,0,0,0,0,0,0,0
hsa-miR-6877-5p,0,0,0,2,0,0,0,0,0,0,0,0,0,0,0,0,0,0,0,0,0,0,0,0,0
hsa-miR-6895-3p,0,0,0,8,0,0,0,0,0,0,0,0,0,0,0,0,0,0,0,0,0,0,0,0,0
hsa-miR-744-3p,0,0,0,4,25,1,3,0,4,0,0,0,50,23,8,12,14,6,13,0,0,0,0,0,8
hsa-miR-766-5p,0,0,0,4,8,0,0,0,2,3,0,0,0,1,0,0,7,3,0,0,0,0,0,0,0
hsa-miR-7852-3p,0,0,0,3,0,0,0,0,0,0,0,0,0,0,0,0,0,0,0,0,0,0,0,0,0
hsa-miR-892c-5p,0,0,0,1,222,0,1,9,0,9,0,0,125,12,0,0,0,17,0,0,0,29,0,0,23
hsa-miR-92b-5p,0,0,0,6,38,0,1,6,0,0,0,0,27,2,6,3,15,4,0,5,0,11,0,0,4
hsa-miR-9903,0,0,0,5,0,2,0,0,0,1,0,0,0,0,0,8,12,1,0,9,0,0,0,0,0
hsa-miR-136-3p,0,0,0,0,12,2,2,11,0,0,0,0,0,2,0,0,3,2,0,3,0,3,5,0,0
hsa-miR-153-3p,0,0,0,0,15,0,13,1,16,9,0,0,102,14,4,9,24,9,0,4,0,20,0,0,16
hsa-miR-154-3p,0,0,0,0,34,0,0,13,3,0,0,0,93,2,4,0,7,0,0,0,0,23,0,0,0
hsa-miR-154-5p,0,0,0,0,12,1,0,16,4,0,0,0,26,16,0,0,24,0,39,9,0,0,7,0,0
hsa-miR-1843,0,0,0,0,1,0,2,3,4,6,4,0,0,2,5,0,9,1,0,0,0,1,0,0,0
hsa-miR-1910-3p,0,0,0,0,20,0,0,0,0,3,5,0,0,0,0,0,2,1,0,7,0,0,0,0,16
hsa-miR-202-3p,0,0,0,0,61,0,0,0,0,0,0,0,0,0,0,0,0,0,0,0,0,0,0,0,0
hsa-miR-202-5p,0,0,0,0,184,0,0,0,0,0,0,0,0,0,0,0,0,0,0,0,0,0,0,0,0
hsa-miR-214-3p,0,0,0,0,18,6,3,29,0,0,1,0,16,15,7,12,17,3,0,9,0,0,0,0,0
hsa-miR-215-5p,0,0,0,0,2,0,0,0,0,0,0,0,1,1,0,0,1,1,1,0,0,0,0,0,0
hsa-miR-3130-3p,0,0,0,0,27,0,5,0,1,6,0,0,0,17,0,41,31,6,0,13,0,6,0,0,0
hsa-miR-3158-3p,0,0,0,0,9,0,2,0,1,7,0,0,59,6,5,19,7,2,0,0,0,10,0,0,0
hsa-miR-3170,0,0,0,0,4,0,0,0,0,0,0,0,0,0,0,0,2,0,0,0,0,0,0,0,0
hsa-miR-3188,0,0,0,0,18,0,1,0,0,6,0,0,0,4,0,5,14,0,0,0,0,0,0,0,0
hsa-miR-329-5p,0,0,0,0,1,0,0,0,0,0,0,0,0,0,0,0,0,0,0,0,0,0,0,0,0
hsa-miR-34b-3p,0,0,0,0,1,0,0,0,0,0,2,0,0,2,0,0,0,0,0,0,0,0,7,0,0
hsa-miR-34b-5p,0,0,0,0,8,0,0,0,0,0,0,0,0,0,0,0,3,0,7,0,0,5,27,0,0
hsa-miR-3619-5p,0,0,0,0,13,0,0,0,3,0,0,0,0,0,13,0,2,0,0,0,0,0,0,0,0
hsa-miR-3663-3p,0,0,0,0,7,0,0,0,0,0,0,0,0,0,0,0,0,0,0,0,0,0,0,0,0
hsa-miR-370-3p,0,0,0,0,13,0,0,24,0,1,0,0,0,11,7,6,5,1,0,34,0,0,0,0,0
hsa-miR-373-5p,0,0,0,0,14,0,0,0,2,0,0,0,0,0,0,0,0,0,0,0,0,0,0,0,0
hsa-miR-378e,0,0,0,0,1,0,0,0,2,0,0,0,4,0,0,1,1,1,1,1,0,1,4,4,0
hsa-miR-379-5p,0,0,0,0,11,0,0,5,0,0,0,0,0,7,0,3,11,2,0,1,0,0,0,0,0
hsa-miR-411-5p,0,0,0,0,11,5,12,28,10,7,0,0,41,53,9,7,9,8,31,60,0,10,1,0,0
hsa-miR-4301,0,0,0,0,1,0,0,0,0,0,0,0,1,1,0,2,0,1,0,0,0,0,0,0,0
hsa-miR-431-5p,0,0,0,0,11,0,0,0,0,0,0,0,7,2,0,0,3,0,0,0,0,0,0,0,7
hsa-miR-4433b-3p,0,0,0,0,1,0,0,0,0,0,1,0,0,0,0,0,0,0,0,0,0,0,0,0,0
hsa-miR-4443,0,0,0,0,3,0,2,4,0,0,0,0,1,0,0,0,0,0,7,0,0,0,0,0,0
hsa-miR-4470,0,0,0,0,24,0,0,0,0,0,0,0,0,2,0,0,0,0,0,0,0,0,0,0,0
hsa-miR-4664-5p,0,0,0,0,10,0,0,0,0,0,0,0,0,0,0,0,0,0,0,0,0,0,0,0,0
hsa-miR-4687-5p,0,0,0,0,14,0,0,2,4,1,0,0,0,13,0,0,8,0,0,0,0,0,0,0,0
hsa-miR-4726-5p,0,0,0,0,12,2,0,0,0,0,0,0,0,7,0,7,0,2,0,0,0,0,0,0,0
hsa-miR-4738-3p,0,0,0,0,15,2,1,3,0,0,0,0,0,4,0,0,0,3,0,0,0,2,6,0,0
hsa-miR-4785,0,0,0,0,2,0,0,1,0,0,0,0,0,0,0,0,0,0,0,0,0,0,0,0,0
hsa-miR-493-3p,0,0,0,0,35,1,0,7,1,2,0,0,0,4,0,0,8,3,0,13,0,0,7,0,0
hsa-miR-517c-3p,0,0,0,0,1,0,0,0,0,0,0,0,0,0,0,0,0,0,0,0,0,0,0,0,0
hsa-miR-518a-3p,0,0,0,0,12,0,0,0,0,0,0,0,0,0,0,0,0,0,0,0,0,0,0,0,0
hsa-miR-519a-2-5p,0,0,0,0,1,0,0,0,0,0,0,0,0,0,0,0,0,0,2,0,0,0,0,0,0
hsa-miR-520a-5p,0,0,0,0,57,0,0,11,1,0,0,15,0,13,0,0,3,1,0,5,0,0,0,0,0
hsa-miR-520c-5p,0,0,0,0,2,0,0,0,0,0,0,0,0,0,0,0,0,0,0,0,0,0,0,0,0
hsa-miR-524-5p,0,0,0,0,5,1,0,1,0,0,0,0,4,0,0,1,3,0,0,0,0,0,0,0,0
hsa-miR-548ah-3p,0,0,0,0,3,2,0,0,0,0,0,0,0,0,0,1,0,0,0,0,0,0,0,0,2
hsa-miR-548av-3p,0,0,0,0,2,0,0,0,0,0,0,0,0,0,0,1,0,0,0,0,0,0,0,0,0
hsa-miR-550b-2-5p,0,0,0,0,1,0,0,1,0,0,0,1,0,0,1,0,0,0,0,0,0,0,0,0,0
hsa-miR-5585-3p,0,0,0,0,13,0,1,0,0,0,0,0,0,1,0,16,6,2,12,0,0,0,0,0,7
hsa-miR-584-3p,0,0,0,0,6,0,1,0,0,1,0,0,48,0,0,0,0,4,0,0,0,0,0,0,0
hsa-miR-6124,0,0,0,0,3,0,2,0,8,1,0,0,0,0,0,0,0,0,0,0,0,0,0,0,0
hsa-miR-638,0,0,0,0,1,0,0,0,0,0,0,0,0,0,0,0,0,0,0,0,0,0,0,0,0
hsa-miR-642b-3p,0,0,0,0,23,0,4,0,0,0,0,0,0,2,0,0,0,1,0,0,0,0,0,0,0
hsa-miR-6500-3p,0,0,0,0,32,8,5,28,0,6,2,0,0,18,0,16,57,13,0,0,0,9,12,0,5
hsa-miR-659-3p,0,0,0,0,15,0,0,0,0,0,0,0,0,0,0,6,0,6,0,0,0,0,0,0,0
hsa-miR-6732-5p,0,0,0,0,12,3,0,0,0,0,0,0,0,2,0,0,1,0,0,0,0,0,0,0,0
hsa-miR-676-3p,0,0,0,0,1,2,2,2,0,0,0,0,25,1,0,0,1,2,0,0,0,0,0,0,0
hsa-miR-6818-5p,0,0,0,0,11,0,2,0,1,0,0,0,0,0,6,0,5,0,0,6,0,0,0,0,0
hsa-miR-6851-5p,0,0,0,0,25,0,0,0,0,0,0,0,0,0,0,0,2,0,0,0,0,0,0,0,0
hsa-miR-6878-5p,0,0,0,0,10,0,0,0,0,0,0,0,0,0,0,0,0,0,0,0,0,0,0,0,0
hsa-miR-6886-5p,0,0,0,0,26,0,0,5,0,3,0,0,14,0,6,7,7,0,27,0,0,0,0,0,0
hsa-miR-889-3p,0,0,0,0,3,0,5,11,7,0,0,0,31,24,0,0,10,1,42,5,0,12,8,0,0
hsa-miR-891a-3p,0,0,0,0,1,0,0,0,0,0,0,0,0,2,0,0,0,3,0,0,0,0,0,0,0
hsa-miR-891b,0,0,0,0,46,0,5,0,0,0,0,0,12,0,0,5,4,13,0,0,0,22,6,0,24
hsa-miR-892a,0,0,0,0,72,0,0,10,0,0,0,0,59,19,0,1,1,31,0,0,0,13,0,0,43
hsa-miR-892b,0,0,0,0,105,0,1,23,0,7,0,0,104,25,0,0,3,14,37,0,0,16,11,0,77
hsa-miR-892c-3p,0,0,0,0,13,0,0,8,0,0,0,0,0,7,0,1,0,8,31,0,0,0,0,0,0
hsa-miR-92a-2-5p,0,0,0,0,22,1,0,4,6,2,0,0,0,14,0,7,5,0,0,0,0,0,2,28,9
hsa-miR-9899,0,0,0,0,26,2,0,0,0,0,0,0,0,0,0,0,0,3,0,0,0,0,0,0,0
hsa-miR-10392-3p,0,0,0,0,0,1,0,0,0,0,1,0,0,0,0,0,0,0,0,0,0,0,0,0,0
hsa-miR-10394-3p,0,0,0,0,0,1,0,0,0,0,0,0,0,0,0,0,0,0,0,0,0,0,0,0,0
hsa-miR-1183,0,0,0,0,0,1,0,0,0,0,0,0,0,0,0,0,0,0,0,0,0,0,0,0,0
hsa-miR-1184,0,0,0,0,0,2,0,0,0,0,0,0,0,0,0,0,0,0,0,0,0,0,0,0,0
hsa-miR-12132,0,0,0,0,0,3,0,0,0,0,0,0,0,0,0,0,0,0,0,0,0,0,0,0,0
hsa-miR-1226-5p,0,0,0,0,0,3,0,3,3,2,0,0,0,4,0,0,0,3,0,0,0,14,0,0,0
hsa-miR-1267,0,0,0,0,0,1,0,12,0,0,0,0,0,0,0,0,0,0,0,0,0,0,0,0,0
hsa-miR-1273h-5p,0,0,0,0,0,5,0,0,0,0,0,0,0,0,0,0,0,3,0,0,0,0,0,0,0
hsa-miR-134-5p,0,0,0,0,0,5,0,0,0,0,0,0,0,2,0,0,2,1,0,5,0,3,0,0,0
hsa-miR-1-3p,0,0,0,0,0,1,35,1,0,2,0,0,0,0,2,0,0,0,4,0,0,0,0,0,0
hsa-miR-1469,0,0,0,0,0,18,0,0,2,0,8,0,0,0,0,1,0,0,0,0,0,0,0,1,0
hsa-miR-1471,0,0,0,0,0,1,0,0,0,0,5,0,0,0,0,0,0,1,0,0,0,0,0,0,0
hsa-miR-187-5p,0,0,0,0,0,1,1,4,0,0,0,0,23,3,3,0,0,6,0,0,0,0,0,0,9
hsa-miR-1911-5p,0,0,0,0,0,2,0,0,1,0,0,0,0,0,0,0,0,0,0,0,0,0,0,0,0
hsa-miR-208b-3p,0,0,0,0,0,2,8,0,0,0,0,0,0,0,0,5,1,4,1,0,0,0,0,0,8
hsa-miR-2116-5p,0,0,0,0,0,2,0,2,0,0,0,0,17,0,0,2,4,0,0,0,0,0,0,0,0
hsa-miR-2467-5p,0,0,0,0,0,1,0,0,0,0,0,0,0,0,0,0,0,0,0,0,0,0,0,0,0
hsa-miR-3145-3p,0,0,0,0,0,6,4,7,5,0,0,0,0,1,0,5,5,3,0,0,0,0,0,0,8
hsa-miR-3654,0,0,0,0,0,2,0,0,0,0,0,0,0,0,0,0,0,0,0,0,0,0,0,0,0
hsa-miR-380-3p,0,0,0,0,0,1,3,4,0,0,0,0,0,3,0,9,0,7,0,0,0,0,0,0,0
hsa-miR-4423-3p,0,0,0,0,0,5,9,5,2,11,0,0,42,5,27,3,6,4,0,0,0,9,0,0,14
hsa-miR-4496,0,0,0,0,0,1,0,0,0,0,0,0,0,0,0,0,0,0,0,0,0,0,0,0,0
hsa-miR-4636,0,0,0,0,0,2,8,21,1,1,4,0,25,9,0,7,8,8,0,0,0,21,4,0,10
hsa-miR-4644,0,0,0,0,0,2,3,3,36,2,6,0,0,3,4,0,2,0,26,0,0,1,0,0,5
hsa-miR-4647,0,0,0,0,0,1,5,0,0,11,0,0,0,0,32,0,21,6,0,15,0,0,0,0,0
hsa-miR-4660,0,0,0,0,0,1,0,5,2,0,0,0,0,0,13,3,1,2,0,0,0,0,0,0,13
hsa-miR-4664-3p,0,0,0,0,0,1,0,0,0,0,0,0,0,0,0,0,0,6,0,0,0,0,0,0,0
hsa-miR-4689,0,0,0,0,0,2,0,0,0,0,0,0,0,0,0,0,0,0,0,0,0,0,0,0,0
hsa-miR-4700-5p,0,0,0,0,0,3,0,0,3,0,0,0,0,0,0,0,0,0,0,0,0,0,0,0,0
hsa-miR-4723-5p,0,0,0,0,0,1,0,0,0,4,0,0,4,7,0,0,2,1,0,0,0,0,0,0,0
hsa-miR-4729,0,0,0,0,0,3,0,0,0,4,0,0,0,0,0,0,0,0,0,0,0,0,0,0,0
hsa-miR-4734,0,0,0,0,0,1,0,0,0,0,0,0,0,0,0,0,0,0,0,0,0,0,0,0,0
hsa-miR-4748,0,0,0,0,0,2,4,0,1,0,0,0,0,4,2,0,11,0,0,0,0,0,0,0,0
hsa-miR-4755-5p,0,0,0,0,0,2,0,0,0,0,0,0,0,1,0,0,0,0,0,0,0,0,0,0,0
hsa-miR-4787-3p,0,0,0,0,0,4,1,7,0,20,0,0,0,2,8,0,25,1,16,0,0,0,0,0,13
hsa-miR-5002-5p,0,0,0,0,0,1,0,0,0,0,0,0,0,0,0,3,7,0,1,0,0,0,0,0,0
hsa-miR-5196-3p,0,0,0,0,0,1,0,0,0,0,0,0,0,0,6,0,0,0,0,0,0,0,0,0,0
hsa-miR-543,0,0,0,0,0,2,0,0,0,0,0,0,39,5,0,0,0,4,0,0,0,0,0,0,0
hsa-miR-548ah-5p,0,0,0,0,0,4,3,0,0,0,0,0,0,0,0,0,0,0,0,0,0,0,0,0,1
hsa-miR-552-5p,0,0,0,0,0,1,0,0,0,0,0,0,0,0,0,0,0,0,0,0,0,0,0,0,0
hsa-miR-557,0,0,0,0,0,1,0,0,0,0,0,0,0,0,0,0,0,0,0,0,0,0,0,0,0
hsa-miR-579-5p,0,0,0,0,0,4,0,0,0,3,0,0,29,0,0,4,2,1,8,0,0,8,0,0,0
hsa-miR-6085,0,0,0,0,0,1,0,0,0,0,0,0,0,0,0,0,0,0,0,0,0,0,0,0,0
hsa-miR-622,0,0,0,0,0,2,0,0,0,0,0,0,0,0,0,0,0,0,0,0,0,0,0,0,0
hsa-miR-625-3p,0,0,0,0,0,3,1,20,2,2,2,0,44,15,0,6,20,5,0,0,0,12,0,0,36
hsa-miR-6510-5p,0,0,0,0,0,1,0,0,5,0,2,0,0,0,0,0,0,0,0,0,0,0,0,0,0
hsa-miR-6514-5p,0,0,0,0,0,4,1,0,1,0,0,0,0,2,0,6,4,0,0,0,0,0,0,0,0
hsa-miR-656-3p,0,0,0,0,0,2,0,0,0,2,0,0,25,6,0,0,0,0,0,0,0,0,0,0,0
hsa-miR-6727-5p,0,0,0,0,0,1,0,0,0,0,0,0,0,0,0,0,0,0,0,0,0,0,0,0,0
hsa-miR-675-5p,0,0,0,0,0,1,0,0,2,0,0,0,0,0,0,0,0,0,3,0,0,0,0,36,0
hsa-miR-6769b-5p,0,0,0,0,0,1,0,0,0,0,0,0,0,0,0,0,0,0,0,0,0,0,0,0,0
hsa-miR-6809-5p,0,0,0,0,0,2,0,0,11,2,5,0,0,0,0,1,0,0,7,0,0,0,2,0,0
hsa-miR-6810-3p,0,0,0,0,0,3,5,0,0,3,0,0,0,5,0,1,1,0,0,0,0,10,0,0,2
hsa-miR-6810-5p,0,0,0,0,0,3,1,0,0,3,0,0,12,0,5,4,2,1,0,10,0,0,0,0,0
hsa-miR-6826-5p,0,0,0,0,0,1,1,0,0,0,0,20,0,0,0,6,0,0,0,0,0,0,0,0,0
hsa-miR-6832-5p,0,0,0,0,0,1,2,0,1,0,0,0,0,0,0,0,0,0,0,0,0,10,0,0,0
hsa-miR-6845-5p,0,0,0,0,0,2,0,0,0,0,0,0,0,0,0,0,0,0,0,0,0,0,0,0,0
hsa-miR-6852-5p,0,0,0,0,0,2,0,0,0,0,0,0,10,0,0,0,0,0,0,0,0,0,0,0,0
hsa-miR-6858-3p,0,0,0,0,0,5,2,0,0,0,0,0,0,0,0,0,5,0,0,0,0,0,0,0,0
hsa-miR-6862-5p,0,0,0,0,0,2,0,0,0,0,0,0,0,0,0,0,0,0,0,0,0,0,0,0,0
hsa-miR-6867-5p,0,0,0,0,0,2,0,0,0,0,0,0,0,0,0,0,0,0,0,0,0,0,0,0,0
hsa-miR-6869-5p,0,0,0,0,0,2,0,0,0,0,0,0,0,0,0,0,0,2,0,0,0,0,0,0,0
hsa-miR-708-3p,0,0,0,0,0,5,12,14,2,0,0,0,54,15,0,2,20,5,14,7,0,17,0,0,0
hsa-miR-767-5p,0,0,0,0,0,9,5,15,0,4,0,10,32,12,11,3,19,9,32,14,0,7,0,0,0
hsa-miR-8075,0,0,0,0,0,1,0,0,0,0,0,0,0,0,0,0,0,0,0,0,0,0,1,0,0
hsa-miR-8082,0,0,0,0,0,1,0,0,0,0,0,0,0,0,0,0,0,0,0,0,0,0,0,0,0
hsa-miR-8085,0,0,0,0,0,1,0,0,0,0,0,0,0,0,0,0,0,0,0,0,0,0,0,0,0
hsa-miR-100-3p,0,0,0,0,0,0,4,2,0,6,3,0,32,8,7,10,15,8,43,2,0,10,0,0,21
hsa-miR-106a-3p,0,0,0,0,0,0,1,0,0,0,0,0,11,0,0,0,0,0,0,0,0,0,0,0,0
hsa-miR-12125,0,0,0,0,0,0,2,0,0,0,0,0,0,1,0,0,0,0,0,0,0,9,0,0,0
hsa-miR-1229-3p,0,0,0,0,0,0,4,0,0,0,0,0,0,7,18,0,13,0,0,0,0,14,0,0,0
hsa-miR-1256,0,0,0,0,0,0,3,0,0,0,0,0,0,0,0,0,0,0,0,0,0,0,0,0,0
hsa-miR-1266-5p,0,0,0,0,0,0,3,13,0,5,1,0,0,3,0,0,0,0,0,0,0,0,8,0,0
hsa-miR-127-5p,0,0,0,0,0,0,1,0,0,0,0,0,0,0,0,0,0,0,0,0,0,0,0,0,0
hsa-miR-129-1-3p,0,0,0,0,0,0,1,1,0,1,0,1,0,3,0,0,1,0,0,1,0,3,1,0,2
hsa-miR-1302,0,0,0,0,0,0,1,0,0,0,0,0,15,1,0,0,3,2,0,0,0,0,0,0,0
hsa-miR-1304-5p,0,0,0,0,0,0,1,4,3,0,0,0,0,0,0,0,1,0,0,5,0,1,0,0,30
hsa-miR-137-3p,0,0,0,0,0,0,1,0,0,0,0,0,0,0,0,0,0,0,0,0,0,0,0,0,0
hsa-miR-1468-5p,0,0,0,0,0,0,4,34,7,2,0,0,0,11,0,5,22,0,1,0,0,18,4,0,9
hsa-miR-185-3p,0,0,0,0,0,0,1,2,0,0,0,0,0,0,0,0,2,2,0,5,0,0,0,0,14
hsa-miR-212-5p,0,0,0,0,0,0,1,0,0,0,0,0,0,1,0,0,7,0,0,0,0,0,0,0,0
hsa-miR-217-5p,0,0,0,0,0,0,3,5,0,0,3,0,68,5,7,9,10,3,26,0,0,0,19,0,0
hsa-miR-219b-5p,0,0,0,0,0,0,2,0,0,0,0,0,0,0,0,0,0,0,0,0,0,0,0,0,0
hsa-miR-2276-5p,0,0,0,0,0,0,3,0,0,0,0,0,0,0,0,0,0,0,0,0,0,0,0,0,0
hsa-miR-2681-3p,0,0,0,0,0,0,1,0,0,3,0,0,0,7,0,7,16,7,0,0,0,4,0,0,19
hsa-miR-301a-5p,0,0,0,0,0,0,3,0,0,0,0,0,0,1,8,0,1,3,0,0,0,0,0,0,0
hsa-miR-3124-5p,0,0,0,0,0,0,1,4,4,1,0,0,0,0,0,0,3,0,0,0,0,0,6,0,9
hsa-miR-3131,0,0,0,0,0,0,1,0,0,0,0,0,0,0,0,0,0,0,0,0,0,0,0,0,0
hsa-miR-3139,0,0,0,0,0,0,4,0,0,1,0,0,0,0,0,0,1,0,0,0,0,0,0,0,0
hsa-miR-3150b-3p,0,0,0,0,0,0,2,0,0,0,0,0,0,0,0,0,1,0,0,0,0,0,0,0,0
hsa-miR-3157-3p,0,0,0,0,0,0,2,4,0,0,0,0,0,3,0,0,0,0,0,0,0,7,0,0,11
hsa-miR-3161,0,0,0,0,0,0,1,3,0,0,0,0,0,0,0,0,0,0,0,0,0,0,0,0,0
hsa-miR-3179,0,0,0,0,0,0,1,0,0,0,2,0,0,0,0,0,0,0,0,0,0,0,0,0,0
hsa-miR-3182,0,0,0,0,0,0,3,0,0,0,0,0,0,0,0,0,0,6,10,3,0,0,5,0,0
hsa-miR-337-3p,0,0,0,0,0,0,3,0,0,0,0,0,89,0,0,0,5,4,0,5,0,0,2,0,0
hsa-miR-3606-3p,0,0,0,0,0,0,1,0,0,0,0,0,0,0,0,0,0,0,0,0,0,0,0,0,0
hsa-miR-3617-5p,0,0,0,0,0,0,2,0,0,3,0,0,0,0,5,0,5,0,0,6,0,8,0,0,0
hsa-miR-3646,0,0,0,0,0,0,2,0,0,0,0,0,23,0,0,0,0,0,0,0,0,0,0,0,0
hsa-miR-365a-3p,0,0,0,0,0,0,1,0,0,1,0,2,3,5,3,0,3,0,1,2,0,1,0,0,7
hsa-miR-365b-3p,0,0,0,0,0,0,1,2,0,0,1,0,5,6,0,1,2,0,0,0,0,2,0,0,7
hsa-miR-3677-3p,0,0,0,0,0,0,3,0,0,0,0,0,0,0,0,0,0,0,0,0,0,0,0,0,0
hsa-miR-3677-5p,0,0,0,0,0,0,2,0,0,0,0,0,0,1,0,4,0,0,0,0,0,0,0,0,0
hsa-miR-3691-3p,0,0,0,0,0,0,2,0,0,1,0,0,0,0,0,0,0,0,0,0,0,0,0,0,0
hsa-miR-3918,0,0,0,0,0,0,2,0,0,0,0,0,0,0,0,0,0,1,0,0,0,0,0,0,0
hsa-miR-3922-5p,0,0,0,0,0,0,1,0,0,0,0,0,0,0,0,0,0,0,0,0,0,0,0,0,0
hsa-miR-3942-3p,0,0,0,0,0,0,1,0,0,0,0,0,0,0,0,0,0,0,0,0,0,0,0,0,0
hsa-miR-409-3p,0,0,0,0,0,0,8,29,19,16,0,0,35,4,0,6,14,17,15,31,0,0,0,0,0
hsa-miR-410-3p,0,0,0,0,0,0,2,4,0,0,0,0,0,1,0,0,0,0,12,0,0,0,0,0,6
hsa-miR-433-3p,0,0,0,0,0,0,1,4,0,0,0,0,0,0,0,0,3,0,0,0,0,0,0,0,0
hsa-miR-4455,0,0,0,0,0,0,2,0,0,0,0,0,0,0,0,0,0,0,0,0,0,0,0,0,0
hsa-miR-4473,0,0,0,0,0,0,2,0,0,0,0,0,0,0,3,4,2,0,0,0,0,0,0,0,0
hsa-miR-4482-5p,0,0,0,0,0,0,1,0,0,0,0,0,0,8,0,0,0,0,0,0,0,0,0,0,0
hsa-miR-4639-5p,0,0,0,0,0,0,1,0,0,0,0,0,0,0,0,0,0,0,0,0,0,0,4,0,0
hsa-miR-4640-3p,0,0,0,0,0,0,1,0,0,2,0,0,0,0,0,0,0,0,0,0,0,0,0,0,0
hsa-miR-466,0,0,0,0,0,0,3,0,0,0,0,0,0,0,0,0,11,0,0,4,0,0,0,0,0
hsa-miR-4687-3p,0,0,0,0,0,0,1,0,0,0,0,0,0,0,0,0,0,0,0,0,0,0,0,0,0
hsa-miR-4699-5p,0,0,0,0,0,0,2,0,2,7,0,19,0,0,0,16,5,0,21,7,0,1,0,0,0
hsa-miR-4705,0,0,0,0,0,0,2,1,0,0,0,0,0,0,9,2,2,0,13,0,0,0,0,0,0
hsa-miR-4707-3p,0,0,0,0,0,0,2,0,0,0,0,0,20,0,0,1,1,0,0,0,0,0,0,0,0
hsa-miR-4708-3p,0,0,0,0,0,0,4,0,0,0,0,0,0,1,0,0,0,0,0,0,0,0,0,0,0
hsa-miR-4714-3p,0,0,0,0,0,0,1,0,1,0,0,0,0,0,0,0,0,0,0,0,0,0,0,0,0
hsa-miR-4723-3p,0,0,0,0,0,0,2,0,0,3,0,0,0,0,0,0,0,0,0,0,0,0,0,0,0
hsa-miR-4728-3p,0,0,0,0,0,0,18,3,0,35,6,0,67,25,5,3,40,14,0,0,0,4,2,0,59
hsa-miR-4745-3p,0,0,0,0,0,0,1,0,0,0,0,0,0,0,0,1,0,0,0,0,0,0,0,0,0
hsa-miR-4749-5p,0,0,0,0,0,0,1,1,1,0,0,0,0,5,0,0,3,0,0,0,0,0,0,0,10
hsa-miR-4757-5p,0,0,0,0,0,0,6,0,0,0,0,0,0,0,0,0,0,0,0,0,0,0,0,0,0
hsa-miR-4782-5p,0,0,0,0,0,0,1,0,0,0,0,0,0,0,0,0,0,0,0,0,0,5,0,0,0
hsa-miR-4789-3p,0,0,0,0,0,0,3,0,3,0,0,0,0,2,0,6,7,5,0,0,0,0,0,0,0
hsa-miR-4790-3p,0,0,0,0,0,0,1,7,0,0,0,0,0,0,0,0,0,0,0,0,0,0,0,0,0
hsa-miR-4790-5p,0,0,0,0,0,0,1,0,0,0,0,0,0,0,0,0,0,0,0,0,0,0,0,0,0
hsa-miR-4804-5p,0,0,0,0,0,0,4,0,0,0,0,0,0,2,0,0,2,1,0,0,0,0,0,0,4
hsa-miR-4999-5p,0,0,0,0,0,0,5,0,0,0,0,0,0,0,0,0,0,1,0,0,0,6,0,0,0
hsa-miR-513c-3p,0,0,0,0,0,0,1,0,0,0,0,0,0,0,0,0,0,0,0,0,0,0,0,0,0
hsa-miR-518f-5p,0,0,0,0,0,0,1,0,0,0,0,0,0,0,0,0,0,0,0,0,0,0,0,0,0
hsa-miR-5193,0,0,0,0,0,0,1,0,0,0,0,0,0,0,0,0,0,0,0,0,0,0,0,0,0
hsa-miR-548a-3p,0,0,0,0,0,0,3,0,0,0,0,0,0,0,0,4,1,0,0,0,0,0,0,0,41
hsa-miR-548al,0,0,0,0,0,0,1,0,0,0,0,0,0,0,0,0,1,0,0,0,0,0,0,0,0
hsa-miR-548aq-5p,0,0,0,0,0,0,1,0,0,0,0,0,0,0,0,0,0,0,0,0,0,0,0,0,0
hsa-miR-548as-3p,0,0,0,0,0,0,1,0,0,0,0,0,0,0,0,0,6,7,0,0,0,0,0,0,0
hsa-miR-548at-3p,0,0,0,0,0,0,2,0,0,0,0,0,0,0,0,0,0,0,0,0,0,0,0,0,0
hsa-miR-548az-3p,0,0,0,0,0,0,1,0,0,0,0,0,0,0,0,0,0,0,0,0,0,0,0,0,0
hsa-miR-548i,0,0,0,0,0,0,2,0,1,1,0,0,2,0,0,0,0,1,5,0,0,0,2,0,0
hsa-miR-548s,0,0,0,0,0,0,1,0,0,0,0,0,0,0,0,0,0,0,0,0,0,0,0,0,0
hsa-miR-5589-3p,0,0,0,0,0,0,1,0,0,0,0,0,0,0,0,0,0,3,0,0,0,0,0,0,0
hsa-miR-559,0,0,0,0,0,0,2,2,2,0,0,0,17,2,0,0,1,2,0,0,0,2,0,0,20
hsa-miR-5590-3p,0,0,0,0,0,0,5,14,2,0,0,18,17,4,0,9,5,8,0,8,0,41,7,0,37
hsa-miR-5683,0,0,0,0,0,0,1,0,0,0,0,0,0,0,0,2,2,4,0,0,0,0,0,0,0
hsa-miR-5696,0,0,0,0,0,0,2,0,0,0,0,0,0,0,0,0,0,3,0,0,0,0,0,0,0
hsa-miR-585-5p,0,0,0,0,0,0,2,0,6,0,0,0,0,4,0,0,0,0,0,0,0,0,0,0,0
hsa-miR-6125,0,0,0,0,0,0,6,0,0,0,2,0,0,0,0,0,0,0,1,0,0,0,1,0,0
hsa-miR-616-3p,0,0,0,0,0,0,1,0,0,0,2,0,0,1,4,0,0,3,0,0,0,0,0,0,0
hsa-miR-627-3p,0,0,0,0,0,0,4,0,0,0,0,26,0,0,0,1,2,2,18,0,0,0,0,0,0
hsa-miR-6505-5p,0,0,0,0,0,0,4,2,0,0,0,0,0,6,0,0,6,10,13,0,0,10,0,0,1
hsa-miR-6506-3p,0,0,0,0,0,0,1,0,0,0,0,0,0,0,0,0,0,0,0,0,0,0,0,0,0
hsa-miR-6511b-5p,0,0,0,0,0,0,3,0,0,0,0,0,0,1,0,0,0,0,0,0,0,0,1,0,0
hsa-miR-6513-5p,0,0,0,0,0,0,8,0,0,1,0,0,0,14,6,4,6,9,27,0,0,8,0,0,23
hsa-miR-6516-3p,0,0,0,0,0,0,3,0,0,3,0,0,0,0,0,0,0,0,0,0,0,0,0,0,0
hsa-miR-6516-5p,0,0,0,0,0,0,5,0,0,0,0,18,11,3,15,9,12,4,29,6,0,21,9,0,55
hsa-miR-6720-5p,0,0,0,0,0,0,1,0,0,0,0,0,0,2,0,6,0,0,0,0,0,0,0,0,0
hsa-miR-6761-5p,0,0,0,0,0,0,1,2,0,0,0,0,55,2,0,0,2,0,12,0,0,0,0,0,0
hsa-miR-6773-5p,0,0,0,0,0,0,1,3,0,0,0,0,0,2,12,0,0,0,0,0,0,0,0,0,0
hsa-miR-6780a-5p,0,0,0,0,0,0,1,0,0,0,0,0,15,0,0,0,0,0,0,0,0,0,0,0,0
hsa-miR-6781-3p,0,0,0,0,0,0,1,0,0,0,0,0,0,0,0,0,0,0,0,0,0,0,0,0,0
hsa-miR-6786-3p,0,0,0,0,0,0,4,0,0,0,0,0,0,0,0,0,0,0,0,0,0,0,0,0,0
hsa-miR-6801-5p,0,0,0,0,0,0,3,3,1,0,0,0,0,0,0,0,0,0,0,0,0,0,0,0,0
hsa-miR-6814-3p,0,0,0,0,0,0,3,8,0,0,0,0,0,2,0,23,0,2,0,0,0,0,8,0,14
hsa-miR-6820-3p,0,0,0,0,0,0,1,0,0,0,0,0,0,0,0,0,0,0,0,0,0,0,0,0,0
hsa-miR-6821-5p,0,0,0,0,0,0,2,3,2,2,0,0,0,5,0,0,2,0,0,0,0,1,0,0,1
hsa-miR-6833-5p,0,0,0,0,0,0,1,0,2,0,0,0,0,0,0,0,0,1,0,0,0,0,0,0,10
hsa-miR-6842-5p,0,0,0,0,0,0,1,0,0,0,0,0,0,0,0,0,0,0,0,0,0,0,0,0,0
hsa-miR-6858-5p,0,0,0,0,0,0,1,0,0,2,0,0,0,1,0,0,0,0,0,0,0,0,0,0,0
hsa-miR-6876-3p,0,0,0,0,0,0,1,0,0,0,0,0,0,0,0,0,0,0,0,0,0,0,0,0,0
hsa-miR-6880-3p,0,0,0,0,0,0,1,0,0,0,0,0,0,0,0,0,0,0,0,0,0,0,0,0,0
hsa-miR-6892-5p,0,0,0,0,0,0,4,0,0,0,0,0,0,0,0,0,0,0,0,0,0,0,7,0,0
hsa-miR-7108-5p,0,0,0,0,0,0,3,0,0,0,0,0,0,0,0,0,2,0,0,0,0,0,0,1,0
hsa-miR-758-3p,0,0,0,0,0,0,1,0,0,0,0,0,0,1,0,2,0,4,0,0,0,0,0,0,0
hsa-miR-8070,0,0,0,0,0,0,2,0,0,0,0,0,0,0,0,0,0,0,0,0,0,0,0,0,0
hsa-miR-8083,0,0,0,0,0,0,2,0,1,0,0,0,0,0,0,0,0,0,0,0,0,0,0,0,0
hsa-miR-935,0,0,0,0,0,0,2,0,0,0,0,0,0,6,0,0,0,5,0,0,0,0,0,0,0
hsa-let-7a-2-3p,0,0,0,0,0,0,0,1,0,0,0,0,16,0,0,0,0,0,12,0,0,0,0,0,0
hsa-miR-1179,0,0,0,0,0,0,0,1,0,0,0,0,0,0,0,0,0,0,1,0,0,0,0,0,0
hsa-miR-12128,0,0,0,0,0,0,0,1,0,0,0,0,0,0,0,0,0,0,0,2,0,0,0,0,0
hsa-miR-1233-3p,0,0,0,0,0,0,0,1,0,0,0,0,0,0,0,0,0,0,0,0,0,0,0,0,0
hsa-miR-1305,0,0,0,0,0,0,0,8,0,0,0,0,0,0,0,0,0,2,0,0,0,0,0,0,0
hsa-miR-135b-3p,0,0,0,0,0,0,0,7,0,6,0,0,0,7,0,0,7,0,50,0,0,0,0,0,0
hsa-miR-1538,0,0,0,0,0,0,0,2,0,0,0,0,0,0,0,0,0,0,0,0,0,0,0,0,0
hsa-miR-211-3p,0,0,0,0,0,0,0,8,0,0,0,0,0,3,0,0,4,0,0,0,0,0,0,0,0
hsa-miR-3116,0,0,0,0,0,0,0,3,0,3,0,0,0,2,0,3,0,0,0,0,0,0,0,0,0
hsa-miR-3125,0,0,0,0,0,0,0,5,0,0,0,0,0,0,0,0,0,0,0,0,0,0,0,0,0
hsa-miR-3130-5p,0,0,0,0,0,0,0,5,0,0,0,0,0,0,0,0,0,0,0,0,0,1,0,0,0
hsa-miR-3159,0,0,0,0,0,0,0,2,0,0,0,0,0,3,0,0,0,0,0,0,0,0,0,0,0
hsa-miR-3196,0,0,0,0,0,0,0,1,0,0,0,0,0,0,0,0,0,0,1,0,0,0,0,23,0
hsa-miR-3202,0,0,0,0,0,0,0,2,0,2,1,0,0,0,2,0,0,0,0,0,0,0,0,0,0
hsa-miR-323a-3p,0,0,0,0,0,0,0,8,0,0,0,0,0,1,1,0,0,0,0,0,0,0,0,0,0
hsa-miR-326,0,0,0,0,0,0,0,3,0,0,0,0,0,1,0,4,3,0,7,0,0,0,0,0,0
hsa-miR-3612,0,0,0,0,0,0,0,1,0,3,0,0,0,0,0,3,0,0,0,0,0,0,4,0,0
hsa-miR-3616-5p,0,0,0,0,0,0,0,1,0,3,0,0,0,0,0,0,0,4,0,0,0,0,0,0,0
hsa-miR-3620-3p,0,0,0,0,0,0,0,6,0,5,0,0,0,5,0,1,0,3,0,0,0,0,0,0,0
hsa-miR-363-5p,0,0,0,0,0,0,0,5,0,0,0,0,0,6,0,0,8,0,0,0,0,0,0,0,14
hsa-miR-3913-3p,0,0,0,0,0,0,0,2,0,0,0,0,0,0,0,0,0,0,0,0,0,0,0,0,0
hsa-miR-4477b,0,0,0,0,0,0,0,5,0,0,0,0,0,0,0,0,4,2,0,0,0,0,0,0,0
hsa-miR-4504,0,0,0,0,0,0,0,3,0,4,0,0,0,0,0,0,0,0,0,0,0,0,0,0,0
hsa-miR-4659a-5p,0,0,0,0,0,0,0,2,0,0,0,0,0,0,0,0,0,0,0,0,0,0,0,0,0
hsa-miR-4661-3p,0,0,0,0,0,0,0,11,0,0,0,0,0,0,0,0,0,1,0,0,0,0,0,0,0
hsa-miR-4662a-3p,0,0,0,0,0,0,0,1,1,0,0,4,3,0,4,0,2,4,0,0,0,0,0,0,0
hsa-miR-4662b,0,0,0,0,0,0,0,1,0,0,0,1,0,1,0,2,0,0,0,0,0,0,0,0,0
hsa-miR-4667-3p,0,0,0,0,0,0,0,1,0,0,0,0,0,0,0,0,0,0,0,0,0,0,0,0,0
hsa-miR-4671-5p,0,0,0,0,0,0,0,2,0,0,0,0,0,0,6,0,0,0,0,21,0,0,0,0,0
hsa-miR-4690-5p,0,0,0,0,0,0,0,6,0,0,0,0,0,0,0,0,0,0,0,0,0,0,0,0,0
hsa-miR-4732-3p,0,0,0,0,0,0,0,2,0,0,0,0,0,0,0,0,0,0,0,0,0,0,0,0,0
hsa-miR-4781-3p,0,0,0,0,0,0,0,2,0,0,0,0,0,0,0,8,3,3,0,0,0,0,0,0,0
hsa-miR-4786-5p,0,0,0,0,0,0,0,4,0,0,0,0,0,0,0,0,2,0,0,0,0,0,0,0,0
hsa-miR-495-5p,0,0,0,0,0,0,0,11,0,0,0,0,0,0,0,0,7,0,0,7,0,0,0,0,0
hsa-miR-496,0,0,0,0,0,0,0,5,0,0,0,0,0,3,0,0,0,0,0,0,0,0,0,0,0
hsa-miR-5001-5p,0,0,0,0,0,0,0,1,0,0,0,0,0,0,0,0,0,0,0,0,0,0,0,0,0
hsa-miR-504-3p,0,0,0,0,0,0,0,1,0,0,0,0,0,0,0,0,0,1,0,0,0,0,0,0,10
hsa-miR-513b-3p,0,0,0,0,0,0,0,1,0,0,0,0,0,0,0,0,0,0,0,0,0,0,0,0,0
hsa-miR-514b-3p,0,0,0,0,0,0,0,1,1,0,0,0,0,0,0,0,2,0,0,0,0,0,0,0,0
hsa-miR-539-5p,0,0,0,0,0,0,0,1,0,2,0,0,0,0,0,0,0,0,0,10,0,0,0,0,0
hsa-miR-545-5p,0,0,0,0,0,0,0,1,0,0,0,0,0,3,0,12,0,3,10,0,0,0,0,0,11
hsa-miR-548ao-3p,0,0,0,0,0,0,0,6,0,1,0,0,0,0,0,0,0,0,0,0,0,0,0,0,0
hsa-miR-548bb-5p,0,0,0,0,0,0,0,1,0,0,0,0,0,0,0,0,0,0,0,0,0,0,0,0,0
hsa-miR-548q,0,0,0,0,0,0,0,1,0,7,0,0,0,9,0,1,1,2,0,0,0,5,0,0,0
hsa-miR-548x-5p,0,0,0,0,0,0,0,1,1,1,0,0,1,1,0,1,0,0,1,1,0,0,0,0,3
hsa-miR-5579-5p,0,0,0,0,0,0,0,6,0,0,0,0,0,0,0,0,0,0,0,0,0,0,0,0,0
hsa-miR-5581-3p,0,0,0,0,0,0,0,9,0,0,0,0,8,3,0,0,3,5,0,0,0,0,0,0,0
hsa-miR-561-3p,0,0,0,0,0,0,0,1,0,0,0,0,0,0,0,0,2,3,0,0,0,0,0,0,0
hsa-miR-5695,0,0,0,0,0,0,0,2,4,1,0,0,0,0,0,0,0,0,0,0,0,7,0,0,0
hsa-miR-586,0,0,0,0,0,0,0,6,0,0,0,0,0,0,0,0,2,0,0,0,0,0,0,0,0
hsa-miR-600,0,0,0,0,0,0,0,1,0,0,0,0,0,0,0,0,0,0,0,0,0,0,0,0,0
hsa-miR-6129,0,0,0,0,0,0,0,1,0,0,0,0,0,0,0,0,0,0,0,0,0,0,0,0,0
hsa-miR-6134,0,0,0,0,0,0,0,1,0,0,0,0,1,2,0,1,0,0,0,0,0,4,0,0,0
hsa-miR-670-5p,0,0,0,0,0,0,0,5,0,0,0,0,0,0,0,0,0,0,0,0,0,0,0,0,0
hsa-miR-6750-5p,0,0,0,0,0,0,0,3,0,0,0,0,1,0,0,0,0,0,0,0,0,0,0,0,0
hsa-miR-6855-5p,0,0,0,0,0,0,0,6,3,1,0,0,0,0,0,1,1,0,0,0,0,0,0,0,0
hsa-miR-6864-5p,0,0,0,0,0,0,0,3,0,3,0,0,0,0,0,0,0,0,0,0,0,0,0,0,0
hsa-miR-6868-3p,0,0,0,0,0,0,0,3,0,0,0,0,0,0,0,0,0,0,0,0,0,0,0,0,0
hsa-miR-6872-3p,0,0,0,0,0,0,0,3,0,0,0,0,0,0,0,0,0,0,0,0,0,0,0,0,0
hsa-miR-6883-3p,0,0,0,0,0,0,0,1,0,1,0,0,22,0,0,0,0,0,0,0,0,0,0,0,0
hsa-miR-7-2-3p,0,0,0,0,0,0,0,1,0,0,0,0,0,0,0,0,0,0,0,0,0,0,0,0,0
hsa-miR-877-3p,0,0,0,0,0,0,0,9,0,0,0,0,6,2,0,4,0,0,0,2,0,0,0,0,19
hsa-miR-95-5p,0,0,0,0,0,0,0,1,3,0,0,0,0,0,0,0,0,1,0,0,0,0,0,0,0
hsa-miR-10398-3p,0,0,0,0,0,0,0,0,3,0,0,0,0,0,0,3,2,8,1,0,0,0,0,0,17
hsa-miR-10523-5p,0,0,0,0,0,0,0,0,2,0,0,0,0,0,0,0,0,0,0,0,0,0,0,0,0
hsa-miR-105-5p,0,0,0,0,0,0,0,0,1,0,0,15,0,0,14,4,0,0,0,0,0,0,0,0,0
hsa-miR-1224-5p,0,0,0,0,0,0,0,0,3,0,0,0,0,0,0,0,0,0,0,0,0,0,0,0,0
hsa-miR-1225-5p,0,0,0,0,0,0,0,0,1,0,0,0,0,0,0,0,0,0,0,0,0,0,0,0,0
hsa-miR-1229-5p,0,0,0,0,0,0,0,0,1,0,0,0,0,0,0,0,0,0,0,0,0,0,0,0,0
hsa-miR-1244,0,0,0,0,0,0,0,0,3,0,0,0,0,0,0,0,0,0,0,0,0,0,0,0,0
hsa-miR-1249-5p,0,0,0,0,0,0,0,0,5,0,0,0,0,0,0,3,3,0,0,0,0,0,0,0,0
hsa-miR-139-3p,0,0,0,0,0,0,0,0,2,3,0,0,0,0,0,0,0,2,8,0,0,0,0,0,0
hsa-miR-182-3p,0,0,0,0,0,0,0,0,1,0,0,0,0,3,0,0,0,0,0,0,0,0,0,0,0
hsa-miR-2116-3p,0,0,0,0,0,0,0,0,1,0,0,0,0,0,0,0,0,0,0,0,0,0,0,0,0
hsa-miR-3115,0,0,0,0,0,0,0,0,1,0,0,0,0,0,0,3,0,0,0,6,0,0,0,0,0
hsa-miR-3126-5p,0,0,0,0,0,0,0,0,1,0,0,0,0,0,0,0,0,0,7,3,0,0,0,0,0
hsa-miR-3132,0,0,0,0,0,0,0,0,2,0,0,0,0,0,0,0,0,0,0,0,0,0,0,0,0
hsa-miR-3133,0,0,0,0,0,0,0,0,1,0,0,0,0,0,0,0,0,0,0,0,0,0,0,0,18
hsa-miR-3138,0,0,0,0,0,0,0,0,4,1,0,0,0,0,0,0,0,0,0,0,0,0,0,0,0
hsa-miR-3192-5p,0,0,0,0,0,0,0,0,1,0,0,0,0,0,0,0,6,0,0,0,0,0,0,0,0
hsa-miR-3529-5p,0,0,0,0,0,0,0,0,2,0,0,0,0,0,0,0,0,0,0,0,0,0,0,0,0
hsa-miR-373-3p,0,0,0,0,0,0,0,0,6,3,0,0,0,0,0,0,0,7,0,0,0,0,0,0,0
hsa-miR-3916,0,0,0,0,0,0,0,0,1,0,0,0,0,1,0,0,0,0,0,0,0,0,0,0,0
hsa-miR-3929,0,0,0,0,0,0,0,0,2,0,1,0,0,0,0,0,0,0,0,0,0,0,0,0,0
hsa-miR-412-5p,0,0,0,0,0,0,0,0,1,0,0,0,0,2,0,0,0,0,0,0,0,0,0,0,0
hsa-miR-4640-5p,0,0,0,0,0,0,0,0,2,0,0,0,0,0,0,0,0,0,0,0,0,0,0,0,0
hsa-miR-4669,0,0,0,0,0,0,0,0,2,0,0,0,0,0,0,0,0,0,0,0,0,0,0,0,0
hsa-miR-4693-3p,0,0,0,0,0,0,0,0,3,0,1,0,0,0,0,0,0,0,0,0,0,0,0,0,0
hsa-miR-4714-5p,0,0,0,0,0,0,0,0,2,0,0,0,0,0,0,0,0,0,0,0,0,0,0,0,0
hsa-miR-4733-5p,0,0,0,0,0,0,0,0,2,0,0,0,0,0,0,0,0,0,0,0,0,0,0,0,0
hsa-miR-4737,0,0,0,0,0,0,0,0,3,0,0,0,0,0,0,0,0,0,0,0,0,0,0,0,0
hsa-miR-4739,0,0,0,0,0,0,0,0,2,5,123,0,50,0,0,0,0,0,0,0,0,0,28,0,0
hsa-miR-4766-5p,0,0,0,0,0,0,0,0,1,0,0,0,0,0,0,0,0,0,0,0,0,0,0,0,0
hsa-miR-4773,0,0,0,0,0,0,0,0,1,0,0,0,0,0,0,0,0,0,0,0,0,0,0,0,0
hsa-miR-494-5p,0,0,0,0,0,0,0,0,6,0,0,0,0,0,0,0,0,0,0,0,0,0,0,0,0
hsa-miR-509-5p,0,0,0,0,0,0,0,0,1,0,0,0,0,0,0,0,0,0,0,0,0,0,0,0,0
hsa-miR-520g-3p,0,0,0,0,0,0,0,0,2,0,0,0,0,4,0,0,0,0,0,0,0,0,0,0,0
hsa-miR-521,0,0,0,0,0,0,0,0,2,0,0,0,0,2,0,2,0,0,25,0,0,0,0,0,0
hsa-miR-548ar-3p,0,0,0,0,0,0,0,0,1,0,0,0,0,0,0,0,0,0,0,0,0,0,0,0,0
hsa-miR-548ba,0,0,0,0,0,0,0,0,1,0,0,0,0,0,0,3,6,10,0,0,0,0,0,0,0
hsa-miR-548g-5p,0,0,0,0,0,0,0,0,1,0,0,0,0,1,0,0,0,0,0,0,0,0,0,0,0
hsa-miR-548y,0,0,0,0,0,0,0,0,3,0,0,0,0,4,0,0,0,0,0,0,0,0,0,0,15
hsa-miR-5582-3p,0,0,0,0,0,0,0,0,1,0,0,20,0,0,0,0,4,0,0,0,0,0,0,0,0
hsa-miR-5584-5p,0,0,0,0,0,0,0,0,3,0,0,0,0,0,0,0,0,0,0,0,0,0,0,0,0
hsa-miR-5687,0,0,0,0,0,0,0,0,5,0,0,0,0,1,0,0,0,0,0,0,0,0,0,0,0
hsa-miR-5692c,0,0,0,0,0,0,0,0,2,1,0,0,15,3,0,3,0,2,0,9,0,0,0,0,22
hsa-miR-5698,0,0,0,0,0,0,0,0,2,1,0,0,0,0,0,0,0,0,0,0,0,0,2,0,0
hsa-miR-5706,0,0,0,0,0,0,0,0,1,0,0,0,0,5,0,0,0,0,0,0,0,0,0,0,0
hsa-miR-6502-5p,0,0,0,0,0,0,0,0,4,0,0,2,0,0,0,0,0,0,0,0,0,0,0,0,0
hsa-miR-6511a-5p,0,0,0,0,0,0,0,0,5,0,0,0,0,0,0,0,0,0,0,0,0,0,0,0,0
hsa-miR-6715b-3p,0,0,0,0,0,0,0,0,1,0,0,0,0,0,0,0,0,0,0,0,0,0,0,0,0
hsa-miR-6739-5p,0,0,0,0,0,0,0,0,11,0,0,3,0,0,2,0,0,0,0,0,0,0,2,0,0
hsa-miR-6741-5p,0,0,0,0,0,0,0,0,1,0,0,0,0,0,0,0,0,0,0,0,0,0,0,0,0
hsa-miR-6757-5p,0,0,0,0,0,0,0,0,3,0,0,0,0,0,8,0,2,0,0,4,0,0,0,0,0
hsa-miR-6764-5p,0,0,0,0,0,0,0,0,3,0,0,0,0,0,0,0,1,2,28,9,0,0,0,0,0
hsa-miR-6787-5p,0,0,0,0,0,0,0,0,1,1,0,0,0,0,2,0,0,0,0,0,0,0,0,0,0
hsa-miR-6788-5p,0,0,0,0,0,0,0,0,2,0,0,0,0,0,0,0,0,0,0,0,0,0,0,0,0
hsa-miR-6802-5p,0,0,0,0,0,0,0,0,1,1,0,3,0,0,0,0,0,4,0,0,0,0,0,0,0
hsa-miR-6804-5p,0,0,0,0,0,0,0,0,3,0,0,0,0,0,0,0,3,0,0,0,0,0,0,0,0
hsa-miR-6842-3p,0,0,0,0,0,0,0,0,1,0,0,0,0,0,0,0,0,0,0,0,0,0,0,0,0
hsa-miR-6876-5p,0,0,0,0,0,0,0,0,1,0,0,0,0,0,0,0,2,0,0,0,0,0,0,0,0
hsa-miR-7150,0,0,0,0,0,0,0,0,4,0,0,0,0,0,0,0,0,0,0,0,0,0,0,0,0
hsa-miR-7156-3p,0,0,0,0,0,0,0,0,2,0,0,0,0,0,0,0,0,0,0,0,0,0,0,0,0
hsa-miR-7161-5p,0,0,0,0,0,0,0,0,1,0,0,0,0,0,0,0,0,0,0,0,0,0,0,0,0
hsa-miR-762,0,0,0,0,0,0,0,0,1,0,0,0,0,0,0,0,0,0,0,0,0,0,0,0,0
hsa-miR-765,0,0,0,0,0,0,0,0,5,1,0,0,0,0,0,0,0,1,0,0,0,0,0,0,0
hsa-miR-7850-5p,0,0,0,0,0,0,0,0,1,0,0,0,0,0,0,0,0,0,0,0,0,0,0,0,0
hsa-miR-7854-3p,0,0,0,0,0,0,0,0,2,0,0,0,0,0,0,0,0,0,0,0,0,0,0,0,0
hsa-miR-937-5p,0,0,0,0,0,0,0,0,1,0,0,0,0,0,0,0,0,0,0,0,0,0,0,0,0
hsa-miR-1233-5p,0,0,0,0,0,0,0,0,0,3,0,0,0,0,0,0,0,0,8,0,0,0,0,0,0
hsa-miR-150-3p,0,0,0,0,0,0,0,0,0,1,0,0,0,0,0,0,4,0,0,0,0,0,0,0,0
hsa-miR-2114-3p,0,0,0,0,0,0,0,0,0,5,0,0,0,2,0,0,0,0,0,0,0,0,0,0,0
hsa-miR-3120-3p,0,0,0,0,0,0,0,0,0,1,0,0,0,0,0,0,0,0,0,0,0,0,0,0,0
hsa-miR-3175,0,0,0,0,0,0,0,0,0,4,0,0,0,0,0,0,5,0,0,0,0,0,0,0,0
hsa-miR-3659,0,0,0,0,0,0,0,0,0,1,0,0,0,0,0,0,0,0,0,0,0,0,4,0,0
hsa-miR-3685,0,0,0,0,0,0,0,0,0,3,0,0,0,0,0,0,1,0,0,0,0,0,0,0,0
hsa-miR-377-5p,0,0,0,0,0,0,0,0,0,4,0,0,0,1,0,0,0,0,0,0,0,0,0,0,0
hsa-miR-3912-3p,0,0,0,0,0,0,0,0,0,1,0,0,0,4,0,0,7,0,0,0,0,1,0,0,0
hsa-miR-4423-5p,0,0,0,0,0,0,0,0,0,6,0,0,0,0,0,5,0,1,0,0,0,0,0,0,0
hsa-miR-4494,0,0,0,0,0,0,0,0,0,1,0,0,0,0,0,0,0,0,0,0,0,0,0,0,0
hsa-miR-4511,0,0,0,0,0,0,0,0,0,1,0,0,0,0,7,0,0,3,0,0,0,0,0,0,0
hsa-miR-4676-5p,0,0,0,0,0,0,0,0,0,2,0,0,0,0,0,0,0,0,0,0,0,0,0,0,0
hsa-miR-4695-5p,0,0,0,0,0,0,0,0,0,3,0,0,0,0,0,0,1,0,0,0,0,0,0,0,0
hsa-miR-4699-3p,0,0,0,0,0,0,0,0,0,2,0,0,0,0,0,3,0,0,0,0,0,0,0,0,0
hsa-miR-4741,0,0,0,0,0,0,0,0,0,2,0,0,0,0,0,0,0,0,0,0,0,0,0,0,0
hsa-miR-4762-5p,0,0,0,0,0,0,0,0,0,4,0,0,0,0,0,0,7,0,0,5,0,0,0,0,0
hsa-miR-4781-5p,0,0,0,0,0,0,0,0,0,1,0,0,0,1,0,2,0,4,0,0,0,0,0,0,3
hsa-miR-5009-3p,0,0,0,0,0,0,0,0,0,1,0,0,0,0,0,0,0,0,0,0,0,0,0,0,0
hsa-miR-506-3p,0,0,0,0,0,0,0,0,0,1,0,0,0,2,0,0,0,0,0,0,0,0,0,0,0
hsa-miR-548aj-5p,0,0,0,0,0,0,0,0,0,1,0,0,1,1,0,0,0,0,1,0,0,0,0,0,0
hsa-miR-548aw,0,0,0,0,0,0,0,0,0,1,0,0,0,0,0,0,0,0,0,0,0,0,0,0,0
hsa-miR-548l,0,0,0,0,0,0,0,0,0,4,0,0,18,0,0,0,0,0,0,0,0,0,0,0,0
hsa-miR-548t-5p,0,0,0,0,0,0,0,0,0,1,0,0,0,0,0,0,0,0,0,0,0,0,0,0,0
hsa-miR-5585-5p,0,0,0,0,0,0,0,0,0,2,0,0,0,0,0,0,0,0,0,0,0,0,0,0,0
hsa-miR-6734-3p,0,0,0,0,0,0,0,0,0,1,0,0,0,0,0,0,5,0,0,0,0,0,0,0,0
hsa-miR-6743-3p,0,0,0,0,0,0,0,0,0,2,0,0,0,0,0,6,0,0,0,0,0,0,0,0,0
hsa-miR-6747-3p,0,0,0,0,0,0,0,0,0,4,0,0,0,0,0,2,0,0,0,0,0,0,0,0,0
hsa-miR-6762-5p,0,0,0,0,0,0,0,0,0,1,0,0,0,0,0,0,0,0,0,0,0,0,0,0,0
hsa-miR-6783-5p,0,0,0,0,0,0,0,0,0,2,0,0,0,0,0,0,0,0,0,0,0,0,0,0,0
hsa-miR-6839-5p,0,0,0,0,0,0,0,0,0,4,0,0,0,0,0,0,3,5,0,0,0,0,0,0,0
hsa-miR-6890-5p,0,0,0,0,0,0,0,0,0,2,0,0,0,0,0,0,0,0,0,0,0,0,0,0,0
hsa-miR-1470,0,0,0,0,0,0,0,0,0,0,2,0,0,0,0,0,0,0,0,0,0,0,0,0,0
hsa-miR-197-5p,0,0,0,0,0,0,0,0,0,0,3,0,0,0,0,1,0,0,0,0,0,0,0,0,0
hsa-miR-3146,0,0,0,0,0,0,0,0,0,0,2,0,0,0,0,1,0,0,0,0,0,0,0,0,0
hsa-miR-3183,0,0,0,0,0,0,0,0,0,0,2,0,0,0,0,0,0,0,0,0,0,0,0,0,0
hsa-miR-3610,0,0,0,0,0,0,0,0,0,0,1,0,0,0,0,0,0,0,0,0,0,0,0,0,1
hsa-miR-3976,0,0,0,0,0,0,0,0,0,0,2,0,0,0,0,0,0,0,0,0,0,0,0,0,0
hsa-miR-4302,0,0,0,0,0,0,0,0,0,0,2,0,0,0,0,0,0,0,0,0,0,0,0,0,0
hsa-miR-4433a-3p,0,0,0,0,0,0,0,0,0,0,1,0,0,0,0,0,0,0,0,0,0,0,0,0,0
hsa-miR-4481,0,0,0,0,0,0,0,0,0,0,2,0,0,0,0,0,0,0,0,0,0,0,0,0,0
hsa-miR-4508,0,0,0,0,0,0,0,0,0,0,2,0,0,2,0,0,0,0,0,0,0,0,2,1,3
hsa-miR-4537,0,0,0,0,0,0,0,0,0,0,3,0,0,0,0,0,0,0,0,0,0,0,0,0,0
hsa-miR-4707-5p,0,0,0,0,0,0,0,0,0,0,1,0,0,0,0,0,0,0,0,0,0,0,0,0,0
hsa-miR-4727-3p,0,0,0,0,0,0,0,0,0,0,1,0,0,0,0,1,0,0,0,0,0,0,0,0,0
hsa-miR-4797-5p,0,0,0,0,0,0,0,0,0,0,1,0,0,0,0,0,0,0,0,0,0,0,0,0,0
hsa-miR-520e-5p,0,0,0,0,0,0,0,0,0,0,62,0,0,0,0,0,0,0,0,0,0,0,0,0,0
hsa-miR-5787,0,0,0,0,0,0,0,0,0,0,2,0,0,0,0,0,0,0,0,0,0,0,0,0,0
hsa-miR-6507-5p,0,0,0,0,0,0,0,0,0,0,1,0,0,3,0,0,0,0,0,0,0,0,0,0,0
hsa-miR-6760-5p,0,0,0,0,0,0,0,0,0,0,1,0,0,0,0,0,0,0,0,0,0,0,0,0,0
hsa-miR-6820-5p,0,0,0,0,0,0,0,0,0,0,1,0,0,0,0,0,0,0,0,0,0,0,0,0,0
hsa-miR-6831-5p,0,0,0,0,0,0,0,0,0,0,4,0,0,0,0,0,0,0,0,0,0,0,0,0,0
hsa-miR-885-3p,0,0,0,0,0,0,0,0,0,0,1,0,0,0,0,0,0,0,0,0,0,0,0,0,0
hsa-miR-943,0,0,0,0,0,0,0,0,0,0,2,0,0,0,0,0,0,0,0,0,0,0,0,0,0
hsa-miR-378f,0,0,0,0,0,0,0,0,0,0,0,1,0,0,0,0,0,0,0,0,0,0,0,0,0
hsa-miR-4533,0,0,0,0,0,0,0,0,0,0,0,1,0,0,0,0,0,0,0,0,0,0,0,0,0
hsa-miR-4692,0,0,0,0,0,0,0,0,0,0,0,11,0,0,0,0,0,0,0,0,0,0,0,0,0
hsa-miR-4695-3p,0,0,0,0,0,0,0,0,0,0,0,1,0,3,1,1,0,0,0,0,0,0,0,0,0
hsa-miR-4698,0,0,0,0,0,0,0,0,0,0,0,1,0,0,0,0,0,0,0,0,0,0,0,0,0
hsa-miR-4709-5p,0,0,0,0,0,0,0,0,0,0,0,11,0,0,0,0,0,0,0,0,0,0,0,0,0
hsa-miR-6789-3p,0,0,0,0,0,0,0,0,0,0,0,20,0,3,0,0,10,2,0,0,0,0,0,0,0
hsa-miR-6827-5p,0,0,0,0,0,0,0,0,0,0,0,3,0,1,0,4,1,0,0,0,0,0,0,0,0
hsa-miR-6856-5p,0,0,0,0,0,0,0,0,0,0,0,1,0,0,0,0,0,0,0,0,0,0,0,0,0
hsa-miR-6889-5p,0,0,0,0,0,0,0,0,0,0,0,1,0,0,0,0,0,0,0,0,0,0,0,0,0
hsa-miR-8072,0,0,0,0,0,0,0,0,0,0,0,2,0,0,0,0,0,0,0,0,0,0,0,0,0
hsa-miR-136-5p,0,0,0,0,0,0,0,0,0,0,0,0,109,0,0,0,0,0,0,13,0,0,2,0,15
hsa-miR-219a-5p,0,0,0,0,0,0,0,0,0,0,0,0,14,0,0,0,0,0,0,0,0,0,0,0,0
hsa-miR-489-5p,0,0,0,0,0,0,0,0,0,0,0,0,33,0,0,0,0,0,0,0,0,0,0,0,0
hsa-miR-5094,0,0,0,0,0,0,0,0,0,0,0,0,24,0,0,0,0,0,0,0,0,0,0,0,0
hsa-miR-519d-5p,0,0,0,0,0,0,0,0,0,0,0,0,29,1,1,0,0,1,0,0,0,4,2,0,1
hsa-miR-539-3p,0,0,0,0,0,0,0,0,0,0,0,0,23,0,0,0,0,0,0,0,0,0,0,0,0
hsa-miR-548ar-5p,0,0,0,0,0,0,0,0,0,0,0,0,5,0,0,0,0,1,0,0,0,0,0,0,9
hsa-miR-548ay-5p,0,0,0,0,0,0,0,0,0,0,0,0,2,0,0,0,0,0,1,0,0,0,0,0,0
hsa-miR-548f-5p,0,0,0,0,0,0,0,0,0,0,0,0,1,0,0,0,0,0,0,0,0,0,0,0,0
hsa-miR-548u,0,0,0,0,0,0,0,0,0,0,0,0,1,0,0,0,0,0,0,0,0,0,0,0,0
hsa-miR-5697,0,0,0,0,0,0,0,0,0,0,0,0,13,0,0,8,2,0,0,0,0,0,0,0,0
hsa-miR-6511a-3p,0,0,0,0,0,0,0,0,0,0,0,0,3,0,0,0,0,0,3,0,0,0,0,0,0
hsa-miR-6513-3p,0,0,0,0,0,0,0,0,0,0,0,0,1,0,0,0,0,0,0,0,0,0,0,0,5
hsa-miR-653-5p,0,0,0,0,0,0,0,0,0,0,0,0,1,0,0,0,0,0,1,0,0,0,0,0,0
hsa-miR-655-3p,0,0,0,0,0,0,0,0,0,0,0,0,15,0,0,0,0,0,0,0,0,0,0,0,0
hsa-miR-6755-5p,0,0,0,0,0,0,0,0,0,0,0,0,14,3,0,0,0,0,0,0,0,0,0,0,0
hsa-miR-6786-5p,0,0,0,0,0,0,0,0,0,0,0,0,2,0,0,0,0,0,0,0,0,0,0,0,0
hsa-miR-6853-3p,0,0,0,0,0,0,0,0,0,0,0,0,22,0,0,0,0,2,0,7,0,0,0,0,0
hsa-miR-7975,0,0,0,0,0,0,0,0,0,0,0,0,1,0,0,0,0,0,0,0,0,0,0,0,0
hsa-miR-9983-3p,0,0,0,0,0,0,0,0,0,0,0,0,1,0,0,0,0,0,0,0,0,0,0,0,0
hsa-miR-10394-5p,0,0,0,0,0,0,0,0,0,0,0,0,0,4,0,0,0,0,0,0,0,0,0,0,0
hsa-miR-12133,0,0,0,0,0,0,0,0,0,0,0,0,0,1,0,0,0,0,0,0,0,0,0,0,0
hsa-miR-1236-5p,0,0,0,0,0,0,0,0,0,0,0,0,0,1,0,0,0,0,0,0,0,0,0,0,0
hsa-miR-1252-3p,0,0,0,0,0,0,0,0,0,0,0,0,0,2,0,0,0,0,0,0,0,0,0,0,14
hsa-miR-1258,0,0,0,0,0,0,0,0,0,0,0,0,0,5,0,0,0,0,0,0,0,0,0,0,0
hsa-miR-1286,0,0,0,0,0,0,0,0,0,0,0,0,0,3,0,0,0,0,0,0,0,0,0,0,0
hsa-miR-146b-3p,0,0,0,0,0,0,0,0,0,0,0,0,0,6,0,0,0,0,0,0,0,0,0,0,0
hsa-miR-1913,0,0,0,0,0,0,0,0,0,0,0,0,0,3,0,0,0,0,0,0,0,0,0,0,0
hsa-miR-1914-5p,0,0,0,0,0,0,0,0,0,0,0,0,0,3,0,0,0,0,0,0,0,0,0,0,0
hsa-miR-218-2-3p,0,0,0,0,0,0,0,0,0,0,0,0,0,2,0,0,1,0,0,0,0,0,0,0,0
hsa-miR-3126-3p,0,0,0,0,0,0,0,0,0,0,0,0,0,4,0,0,0,0,0,0,0,0,0,0,0
hsa-miR-3140-5p,0,0,0,0,0,0,0,0,0,0,0,0,0,1,0,0,0,0,0,0,0,0,0,0,0
hsa-miR-3152-5p,0,0,0,0,0,0,0,0,0,0,0,0,0,3,0,0,0,3,0,0,0,0,0,0,0
hsa-miR-3176,0,0,0,0,0,0,0,0,0,0,0,0,0,3,0,0,0,0,0,0,0,0,0,0,0
hsa-miR-329-3p,0,0,0,0,0,0,0,0,0,0,0,0,0,1,0,0,3,0,0,0,0,0,0,0,0
hsa-miR-3938,0,0,0,0,0,0,0,0,0,0,0,0,0,1,0,0,0,4,0,0,0,0,0,0,0
hsa-miR-4521,0,0,0,0,0,0,0,0,0,0,0,0,0,3,0,0,0,1,0,0,0,0,0,0,0
hsa-miR-4638-5p,0,0,0,0,0,0,0,0,0,0,0,0,0,3,0,0,0,0,0,0,0,0,0,0,0
hsa-miR-4641,0,0,0,0,0,0,0,0,0,0,0,0,0,3,0,0,2,0,0,0,0,0,0,0,0
hsa-miR-4643,0,0,0,0,0,0,0,0,0,0,0,0,0,1,0,0,0,0,0,0,0,0,0,0,0
hsa-miR-4743-5p,0,0,0,0,0,0,0,0,0,0,0,0,0,2,0,0,0,0,0,0,0,0,0,0,0
hsa-miR-4746-5p,0,0,0,0,0,0,0,0,0,0,0,0,0,3,0,0,2,0,0,0,0,0,0,0,0
hsa-miR-4753-3p,0,0,0,0,0,0,0,0,0,0,0,0,0,2,0,0,0,1,0,0,0,0,0,0,0
hsa-miR-4754,0,0,0,0,0,0,0,0,0,0,0,0,0,3,0,0,0,0,0,0,0,0,0,0,0
hsa-miR-497-3p,0,0,0,0,0,0,0,0,0,0,0,0,0,3,0,0,0,0,0,0,0,0,0,0,0
hsa-miR-518c-3p,0,0,0,0,0,0,0,0,0,0,0,0,0,2,0,0,0,4,0,3,0,9,1,0,0
hsa-miR-519b-3p,0,0,0,0,0,0,0,0,0,0,0,0,0,1,0,2,1,0,1,0,0,0,0,0,0
hsa-miR-5582-5p,0,0,0,0,0,0,0,0,0,0,0,0,0,1,0,0,1,0,0,0,0,0,0,0,0
hsa-miR-5586-3p,0,0,0,0,0,0,0,0,0,0,0,0,0,1,0,0,0,0,0,0,0,0,0,0,0
hsa-miR-5690,0,0,0,0,0,0,0,0,0,0,0,0,0,2,0,0,0,0,0,0,0,0,0,0,0
hsa-miR-5692a,0,0,0,0,0,0,0,0,0,0,0,0,0,1,0,0,0,0,0,0,0,0,0,0,0
hsa-miR-6512-5p,0,0,0,0,0,0,0,0,0,0,0,0,0,1,0,1,0,2,18,0,0,0,5,0,0
hsa-miR-651-3p,0,0,0,0,0,0,0,0,0,0,0,0,0,2,9,0,2,0,0,0,0,0,0,0,15
hsa-miR-6715a-3p,0,0,0,0,0,0,0,0,0,0,0,0,0,5,0,0,0,0,0,0,0,0,0,0,0
hsa-miR-6720-3p,0,0,0,0,0,0,0,0,0,0,0,0,0,3,0,0,6,0,0,0,0,0,0,0,0
hsa-miR-6741-3p,0,0,0,0,0,0,0,0,0,0,0,0,0,2,0,0,0,0,9,0,0,0,0,0,0
hsa-miR-676-5p,0,0,0,0,0,0,0,0,0,0,0,0,0,2,0,0,0,0,0,0,0,0,0,0,0
hsa-miR-6789-5p,0,0,0,0,0,0,0,0,0,0,0,0,0,2,0,0,0,0,0,0,0,0,0,0,0
hsa-miR-6833-3p,0,0,0,0,0,0,0,0,0,0,0,0,0,2,0,0,3,0,0,0,0,0,0,0,0
hsa-miR-6834-5p,0,0,0,0,0,0,0,0,0,0,0,0,0,2,0,0,0,0,0,0,0,0,0,0,0
hsa-miR-6872-5p,0,0,0,0,0,0,0,0,0,0,0,0,0,1,0,0,0,0,0,0,0,0,0,0,0
hsa-miR-6873-3p,0,0,0,0,0,0,0,0,0,0,0,0,0,4,0,0,0,1,14,0,0,1,0,10,0
hsa-miR-6885-5p,0,0,0,0,0,0,0,0,0,0,0,0,0,1,0,0,0,0,0,0,0,0,0,0,3
hsa-miR-7703,0,0,0,0,0,0,0,0,0,0,0,0,0,1,0,0,0,0,0,0,0,0,0,0,0
hsa-miR-770-5p,0,0,0,0,0,0,0,0,0,0,0,0,0,1,0,0,0,0,0,0,0,0,0,0,0
hsa-miR-933,0,0,0,0,0,0,0,0,0,0,0,0,0,2,0,0,0,0,0,0,0,0,0,0,0
hsa-miR-937-3p,0,0,0,0,0,0,0,0,0,0,0,0,0,1,0,0,4,2,0,0,0,0,0,0,0
hsa-miR-1234-3p,0,0,0,0,0,0,0,0,0,0,0,0,0,0,3,0,0,0,0,0,0,0,0,0,0
hsa-miR-1252-5p,0,0,0,0,0,0,0,0,0,0,0,0,0,0,1,0,0,0,0,0,0,0,0,0,0
hsa-miR-1296-3p,0,0,0,0,0,0,0,0,0,0,0,0,0,0,2,0,0,0,27,0,0,0,0,57,0
hsa-miR-4435,0,0,0,0,0,0,0,0,0,0,0,0,0,0,6,0,0,0,0,0,0,0,0,0,0
hsa-miR-4659a-3p,0,0,0,0,0,0,0,0,0,0,0,0,0,0,1,1,1,0,0,0,0,0,0,0,3
hsa-miR-4697-5p,0,0,0,0,0,0,0,0,0,0,0,0,0,0,5,0,0,0,0,0,0,0,0,0,0
hsa-miR-4703-3p,0,0,0,0,0,0,0,0,0,0,0,0,0,0,5,0,2,0,0,0,0,0,0,0,0
hsa-miR-4720-5p,0,0,0,0,0,0,0,0,0,0,0,0,0,0,6,0,0,0,0,0,0,0,0,0,0
hsa-miR-5000-3p,0,0,0,0,0,0,0,0,0,0,0,0,0,0,1,0,0,3,0,0,0,0,0,0,0
hsa-miR-5006-3p,0,0,0,0,0,0,0,0,0,0,0,0,0,0,2,0,0,2,0,0,0,0,0,0,0
hsa-miR-520a-3p,0,0,0,0,0,0,0,0,0,0,0,0,0,0,1,0,0,0,0,0,0,0,0,0,0
hsa-miR-6740-5p,0,0,0,0,0,0,0,0,0,0,0,0,0,0,12,0,0,0,0,0,0,0,0,0,0
hsa-miR-6751-5p,0,0,0,0,0,0,0,0,0,0,0,0,0,0,2,0,4,0,0,0,0,0,0,0,0
hsa-miR-6757-3p,0,0,0,0,0,0,0,0,0,0,0,0,0,0,14,0,0,0,0,0,0,0,0,0,0
hsa-miR-6797-5p,0,0,0,0,0,0,0,0,0,0,0,0,0,0,2,0,0,0,0,0,0,0,0,0,0
hsa-miR-6825-5p,0,0,0,0,0,0,0,0,0,0,0,0,0,0,1,0,0,0,0,0,0,0,0,0,0
hsa-miR-6881-3p,0,0,0,0,0,0,0,0,0,0,0,0,0,0,3,0,0,0,0,0,0,0,0,0,0
hsa-miR-1288-3p,0,0,0,0,0,0,0,0,0,0,0,0,0,0,0,1,0,0,0,0,0,0,0,0,0
hsa-miR-302b-3p,0,0,0,0,0,0,0,0,0,0,0,0,0,0,0,1,0,0,0,0,0,5,0,0,6
hsa-miR-3143,0,0,0,0,0,0,0,0,0,0,0,0,0,0,0,4,0,0,0,0,0,0,15,0,0
hsa-miR-3155a,0,0,0,0,0,0,0,0,0,0,0,0,0,0,0,5,0,0,0,0,0,0,0,0,0
hsa-miR-3622b-5p,0,0,0,0,0,0,0,0,0,0,0,0,0,0,0,7,0,0,0,0,0,0,0,0,0
hsa-miR-3665,0,0,0,0,0,0,0,0,0,0,0,0,0,0,0,7,0,0,0,0,0,0,0,0,0
hsa-miR-379-3p,0,0,0,0,0,0,0,0,0,0,0,0,0,0,0,3,0,0,0,0,0,0,0,0,0
hsa-miR-4448,0,0,0,0,0,0,0,0,0,0,0,0,0,0,0,1,1,0,1,0,0,0,1,0,0
hsa-miR-4730,0,0,0,0,0,0,0,0,0,0,0,0,0,0,0,7,0,0,0,0,0,0,0,0,0
hsa-miR-4740-3p,0,0,0,0,0,0,0,0,0,0,0,0,0,0,0,4,0,0,0,0,0,0,0,0,0
hsa-miR-5192,0,0,0,0,0,0,0,0,0,0,0,0,0,0,0,3,0,0,0,0,0,0,0,0,0
hsa-miR-550a-3-5p,0,0,0,0,0,0,0,0,0,0,0,0,0,0,0,1,0,0,0,0,0,0,0,0,0
hsa-miR-5586-5p,0,0,0,0,0,0,0,0,0,0,0,0,0,0,0,1,0,0,0,0,0,0,0,0,0
hsa-miR-605-5p,0,0,0,0,0,0,0,0,0,0,0,0,0,0,0,3,2,2,0,0,0,4,0,0,0
hsa-miR-6765-5p,0,0,0,0,0,0,0,0,0,0,0,0,0,0,0,1,0,0,0,0,0,0,0,0,0
hsa-miR-6775-5p,0,0,0,0,0,0,0,0,0,0,0,0,0,0,0,1,0,0,0,0,0,0,0,0,0
hsa-miR-6799-3p,0,0,0,0,0,0,0,0,0,0,0,0,0,0,0,3,0,0,0,0,0,0,0,0,0
hsa-miR-6847-5p,0,0,0,0,0,0,0,0,0,0,0,0,0,0,0,8,0,2,0,0,0,0,0,0,0
hsa-miR-6854-5p,0,0,0,0,0,0,0,0,0,0,0,0,0,0,0,5,0,0,0,0,0,0,0,0,0
hsa-miR-6888-5p,0,0,0,0,0,0,0,0,0,0,0,0,0,0,0,5,0,0,0,0,0,0,0,0,0
hsa-miR-6895-5p,0,0,0,0,0,0,0,0,0,0,0,0,0,0,0,3,0,0,0,0,0,0,0,0,0
hsa-miR-9901,0,0,0,0,0,0,0,0,0,0,0,0,0,0,0,10,2,0,0,0,0,0,0,0,0
hsa-miR-1268b,0,0,0,0,0,0,0,0,0,0,0,0,0,0,0,0,1,0,1,0,0,0,0,0,11
hsa-miR-1295a,0,0,0,0,0,0,0,0,0,0,0,0,0,0,0,0,3,0,0,0,0,0,0,0,0
hsa-miR-134-3p,0,0,0,0,0,0,0,0,0,0,0,0,0,0,0,0,2,0,0,0,0,0,0,0,0
hsa-miR-1827,0,0,0,0,0,0,0,0,0,0,0,0,0,0,0,0,1,0,0,0,0,0,0,0,0
hsa-miR-1915-3p,0,0,0,0,0,0,0,0,0,0,0,0,0,0,0,0,4,0,0,0,0,0,0,0,0
hsa-miR-3129-5p,0,0,0,0,0,0,0,0,0,0,0,0,0,0,0,0,2,0,0,0,0,0,0,0,0
hsa-miR-320e,0,0,0,0,0,0,0,0,0,0,0,0,0,0,0,0,3,0,0,0,0,0,0,0,0
hsa-miR-3664-5p,0,0,0,0,0,0,0,0,0,0,0,0,0,0,0,0,2,0,0,0,0,0,0,0,0
hsa-miR-381-5p,0,0,0,0,0,0,0,0,0,0,0,0,0,0,0,0,6,0,0,0,0,0,0,0,0
hsa-miR-3912-5p,0,0,0,0,0,0,0,0,0,0,0,0,0,0,0,0,1,0,0,0,0,0,0,0,0
hsa-miR-3919,0,0,0,0,0,0,0,0,0,0,0,0,0,0,0,0,2,0,0,0,0,0,0,0,0
hsa-miR-4475,0,0,0,0,0,0,0,0,0,0,0,0,0,0,0,0,1,0,0,0,0,0,0,0,0
hsa-miR-4670-3p,0,0,0,0,0,0,0,0,0,0,0,0,0,0,0,0,2,0,0,0,0,0,0,0,0
hsa-miR-4715-5p,0,0,0,0,0,0,0,0,0,0,0,0,0,0,0,0,4,0,0,0,0,0,0,0,0
hsa-miR-4722-5p,0,0,0,0,0,0,0,0,0,0,0,0,0,0,0,0,6,0,0,0,0,0,0,0,0
hsa-miR-485-5p,0,0,0,0,0,0,0,0,0,0,0,0,0,0,0,0,3,0,0,5,0,0,0,0,0
hsa-miR-5196-5p,0,0,0,0,0,0,0,0,0,0,0,0,0,0,0,0,1,0,0,0,0,0,0,0,0
hsa-miR-526b-5p,0,0,0,0,0,0,0,0,0,0,0,0,0,0,0,0,1,0,0,0,0,0,0,0,0
hsa-miR-5584-3p,0,0,0,0,0,0,0,0,0,0,0,0,0,0,0,0,1,0,0,0,0,0,0,0,0
hsa-miR-5691,0,0,0,0,0,0,0,0,0,0,0,0,0,0,0,0,2,0,14,0,0,0,0,0,0
hsa-miR-5707,0,0,0,0,0,0,0,0,0,0,0,0,0,0,0,0,7,0,0,0,0,0,0,0,0
hsa-miR-6733-5p,0,0,0,0,0,0,0,0,0,0,0,0,0,0,0,0,1,0,0,3,0,0,0,0,0
hsa-miR-6758-5p,0,0,0,0,0,0,0,0,0,0,0,0,0,0,0,0,3,1,0,0,0,0,0,0,0
hsa-miR-6763-3p,0,0,0,0,0,0,0,0,0,0,0,0,0,0,0,0,4,0,0,0,0,0,0,0,0
hsa-miR-6772-5p,0,0,0,0,0,0,0,0,0,0,0,0,0,0,0,0,2,0,0,0,0,0,0,0,0
hsa-miR-6877-3p,0,0,0,0,0,0,0,0,0,0,0,0,0,0,0,0,1,0,9,0,0,0,0,0,0
hsa-miR-6881-5p,0,0,0,0,0,0,0,0,0,0,0,0,0,0,0,0,1,0,0,0,0,0,0,0,0
hsa-miR-7109-5p,0,0,0,0,0,0,0,0,0,0,0,0,0,0,0,0,1,2,0,0,0,0,0,0,0
hsa-miR-9902,0,0,0,0,0,0,0,0,0,0,0,0,0,0,0,0,4,0,0,0,0,0,0,0,0
hsa-miR-10401-3p,0,0,0,0,0,0,0,0,0,0,0,0,0,0,0,0,0,3,0,0,0,0,0,0,0
hsa-miR-219b-3p,0,0,0,0,0,0,0,0,0,0,0,0,0,0,0,0,0,1,0,0,0,0,0,0,0
hsa-miR-3064-3p,0,0,0,0,0,0,0,0,0,0,0,0,0,0,0,0,0,2,0,0,0,0,0,0,0
hsa-miR-3160-3p,0,0,0,0,0,0,0,0,0,0,0,0,0,0,0,0,0,3,0,0,0,0,0,0,11
hsa-miR-3937,0,0,0,0,0,0,0,0,0,0,0,0,0,0,0,0,0,1,0,0,0,0,0,0,0
hsa-miR-4424,0,0,0,0,0,0,0,0,0,0,0,0,0,0,0,0,0,4,0,0,0,0,0,0,0
hsa-miR-4635,0,0,0,0,0,0,0,0,0,0,0,0,0,0,0,0,0,7,0,0,0,0,0,0,0
hsa-miR-4682,0,0,0,0,0,0,0,0,0,0,0,0,0,0,0,0,0,4,0,0,0,0,0,0,0
hsa-miR-4724-3p,0,0,0,0,0,0,0,0,0,0,0,0,0,0,0,0,0,3,0,0,0,0,0,0,5
hsa-miR-499a-3p,0,0,0,0,0,0,0,0,0,0,0,0,0,0,0,0,0,2,0,0,0,0,0,0,10
hsa-miR-499b-5p,0,0,0,0,0,0,0,0,0,0,0,0,0,0,0,0,0,4,0,0,0,0,0,0,0
hsa-miR-5000-5p,0,0,0,0,0,0,0,0,0,0,0,0,0,0,0,0,0,2,0,0,0,0,0,0,0
hsa-miR-510-3p,0,0,0,0,0,0,0,0,0,0,0,0,0,0,0,0,0,2,0,0,0,0,0,0,0
hsa-miR-519e-3p,0,0,0,0,0,0,0,0,0,0,0,0,0,0,0,0,0,1,0,0,0,0,0,0,0
hsa-miR-520d-3p,0,0,0,0,0,0,0,0,0,0,0,0,0,0,0,0,0,4,0,0,0,0,0,0,0
hsa-miR-6130,0,0,0,0,0,0,0,0,0,0,0,0,0,0,0,0,0,1,0,0,0,0,2,0,0
hsa-miR-624-3p,0,0,0,0,0,0,0,0,0,0,0,0,0,0,0,0,0,1,0,0,0,0,0,0,0
hsa-miR-668-3p,0,0,0,0,0,0,0,0,0,0,0,0,0,0,0,0,0,2,0,0,0,0,0,0,0
hsa-miR-6730-3p,0,0,0,0,0,0,0,0,0,0,0,0,0,0,0,0,0,1,0,0,0,0,0,0,0
hsa-miR-6749-5p,0,0,0,0,0,0,0,0,0,0,0,0,0,0,0,0,0,1,0,0,0,0,0,0,0
hsa-miR-6781-5p,0,0,0,0,0,0,0,0,0,0,0,0,0,0,0,0,0,1,0,0,0,0,0,0,0
hsa-miR-6849-3p,0,0,0,0,0,0,0,0,0,0,0,0,0,0,0,0,0,2,0,0,0,0,0,0,0
hsa-miR-6882-3p,0,0,0,0,0,0,0,0,0,0,0,0,0,0,0,0,0,4,0,0,0,0,0,0,0
hsa-miR-6894-3p,0,0,0,0,0,0,0,0,0,0,0,0,0,0,0,0,0,3,0,0,0,0,0,0,0
hsa-miR-4502,0,0,0,0,0,0,0,0,0,0,0,0,0,0,0,0,0,0,1,0,0,0,0,0,0
hsa-miR-4701-5p,0,0,0,0,0,0,0,0,0,0,0,0,0,0,0,0,0,0,10,0,0,0,0,0,0
hsa-miR-4756-3p,0,0,0,0,0,0,0,0,0,0,0,0,0,0,0,0,0,0,1,0,0,0,0,0,0
hsa-miR-500b-3p,0,0,0,0,0,0,0,0,0,0,0,0,0,0,0,0,0,0,3,0,0,0,0,0,0
hsa-miR-6509-3p,0,0,0,0,0,0,0,0,0,0,0,0,0,0,0,0,0,0,11,0,0,0,0,0,4
hsa-miR-6715b-5p,0,0,0,0,0,0,0,0,0,0,0,0,0,0,0,0,0,0,1,0,0,0,0,0,0
hsa-miR-6731-3p,0,0,0,0,0,0,0,0,0,0,0,0,0,0,0,0,0,0,1,0,0,0,0,0,0
hsa-miR-6732-3p,0,0,0,0,0,0,0,0,0,0,0,0,0,0,0,0,0,0,1,0,0,0,0,0,0
hsa-miR-6765-3p,0,0,0,0,0,0,0,0,0,0,0,0,0,0,0,0,0,0,1,0,0,0,0,0,0
hsa-miR-6791-3p,0,0,0,0,0,0,0,0,0,0,0,0,0,0,0,0,0,0,2,0,0,0,0,0,0
hsa-miR-6794-3p,0,0,0,0,0,0,0,0,0,0,0,0,0,0,0,0,0,0,1,0,0,0,0,0,0
hsa-miR-6880-5p,0,0,0,0,0,0,0,0,0,0,0,0,0,0,0,0,0,0,6,0,0,0,0,0,0
hsa-miR-6893-3p,0,0,0,0,0,0,0,0,0,0,0,0,0,0,0,0,0,0,1,0,0,0,0,0,0
hsa-miR-1228-3p,0,0,0,0,0,0,0,0,0,0,0,0,0,0,0,0,0,0,0,2,0,0,0,0,0
hsa-miR-3185,0,0,0,0,0,0,0,0,0,0,0,0,0,0,0,0,0,0,0,8,0,0,0,0,0
hsa-miR-3200-5p,0,0,0,0,0,0,0,0,0,0,0,0,0,0,0,0,0,0,0,6,0,0,0,0,0
hsa-miR-3682-3p,0,0,0,0,0,0,0,0,0,0,0,0,0,0,0,0,0,0,0,4,0,0,0,0,0
hsa-miR-382-3p,0,0,0,0,0,0,0,0,0,0,0,0,0,0,0,0,0,0,0,6,0,0,0,0,0
hsa-miR-4709-3p,0,0,0,0,0,0,0,0,0,0,0,0,0,0,0,0,0,0,0,8,0,0,0,0,0
hsa-miR-526a-3p,0,0,0,0,0,0,0,0,0,0,0,0,0,0,0,0,0,0,0,4,0,0,0,0,0
hsa-miR-6501-5p,0,0,0,0,0,0,0,0,0,0,0,0,0,0,0,0,0,0,0,1,0,0,0,0,0
hsa-miR-654-5p,0,0,0,0,0,0,0,0,0,0,0,0,0,0,0,0,0,0,0,3,0,0,0,0,0
hsa-miR-6755-3p,0,0,0,0,0,0,0,0,0,0,0,0,0,0,0,0,0,0,0,5,0,0,0,0,0
hsa-miR-6793-3p,0,0,0,0,0,0,0,0,0,0,0,0,0,0,0,0,0,0,0,1,0,0,0,0,0
hsa-miR-7114-5p,0,0,0,0,0,0,0,0,0,0,0,0,0,0,0,0,0,0,0,1,0,0,0,0,0
hsa-miR-887-5p,0,0,0,0,0,0,0,0,0,0,0,0,0,0,0,0,0,0,0,3,0,0,0,0,0
hsa-miR-10393-5p,0,0,0,0,0,0,0,0,0,0,0,0,0,0,0,0,0,0,0,0,0,6,0,0,0
hsa-miR-3606-5p,0,0,0,0,0,0,0,0,0,0,0,0,0,0,0,0,0,0,0,0,0,3,0,0,0
hsa-miR-4440,0,0,0,0,0,0,0,0,0,0,0,0,0,0,0,0,0,0,0,0,0,11,0,0,0
hsa-miR-4680-3p,0,0,0,0,0,0,0,0,0,0,0,0,0,0,0,0,0,0,0,0,0,1,0,0,0
hsa-miR-4795-5p,0,0,0,0,0,0,0,0,0,0,0,0,0,0,0,0,0,0,0,0,0,4,0,0,0
hsa-miR-4801,0,0,0,0,0,0,0,0,0,0,0,0,0,0,0,0,0,0,0,0,0,1,0,0,0
hsa-miR-506-5p,0,0,0,0,0,0,0,0,0,0,0,0,0,0,0,0,0,0,0,0,0,6,0,0,0
hsa-miR-519e-5p,0,0,0,0,0,0,0,0,0,0,0,0,0,0,0,0,0,0,0,0,0,11,0,0,0
hsa-miR-6508-3p,0,0,0,0,0,0,0,0,0,0,0,0,0,0,0,0,0,0,0,0,0,1,0,0,0
hsa-miR-6844,0,0,0,0,0,0,0,0,0,0,0,0,0,0,0,0,0,0,0,0,0,8,0,0,0
hsa-miR-7113-3p,0,0,0,0,0,0,0,0,0,0,0,0,0,0,0,0,0,0,0,0,0,3,0,0,0
hsa-miR-8063,0,0,0,0,0,0,0,0,0,0,0,0,0,0,0,0,0,0,0,0,0,1,0,0,0
hsa-miR-3137,0,0,0,0,0,0,0,0,0,0,0,0,0,0,0,0,0,0,0,0,0,0,5,0,0
hsa-miR-345-3p,0,0,0,0,0,0,0,0,0,0,0,0,0,0,0,0,0,0,0,0,0,0,8,0,0
hsa-miR-3691-5p,0,0,0,0,0,0,0,0,0,0,0,0,0,0,0,0,0,0,0,0,0,0,1,0,0
hsa-miR-3940-5p,0,0,0,0,0,0,0,0,0,0,0,0,0,0,0,0,0,0,0,0,0,0,1,0,0
hsa-miR-449b-5p,0,0,0,0,0,0,0,0,0,0,0,0,0,0,0,0,0,0,0,0,0,0,1,0,0
hsa-miR-498-5p,0,0,0,0,0,0,0,0,0,0,0,0,0,0,0,0,0,0,0,0,0,0,6,0,0
hsa-miR-5003-5p,0,0,0,0,0,0,0,0,0,0,0,0,0,0,0,0,0,0,0,0,0,0,12,0,0
hsa-miR-541-5p,0,0,0,0,0,0,0,0,0,0,0,0,0,0,0,0,0,0,0,0,0,0,1,0,0
hsa-miR-4466,0,0,0,0,0,0,0,0,0,0,0,0,0,0,0,0,0,0,0,0,0,0,0,1,0
hsa-miR-580-3p,0,0,0,0,0,0,0,0,0,0,0,0,0,0,0,0,0,0,0,0,0,0,0,68,0
hsa-miR-1227-3p,0,0,0,0,0,0,0,0,0,0,0,0,0,0,0,0,0,0,0,0,0,0,0,0,8
hsa-miR-16-1-3p,0,0,0,0,0,0,0,0,0,0,0,0,0,0,0,0,0,0,0,0,0,0,0,0,11
hsa-miR-3117-3p,0,0,0,0,0,0,0,0,0,0,0,0,0,0,0,0,0,0,0,0,0,0,0,0,1
hsa-miR-512-5p,0,0,0,0,0,0,0,0,0,0,0,0,0,0,0,0,0,0,0,0,0,0,0,0,15
hsa-miR-548c-3p,0,0,0,0,0,0,0,0,0,0,0,0,0,0,0,0,0,0,0,0,0,0,0,0,1
hsa-miR-6716-3p,0,0,0,0,0,0,0,0,0,0,0,0,0,0,0,0,0,0,0,0,0,0,0,0,11
hsa-miR-6870-3p,0,0,0,0,0,0,0,0,0,0,0,0,0,0,0,0,0,0,0,0,0,0,0,0,5
hsa-miR-6884-3p,0,0,0,0,0,0,0,0,0,0,0,0,0,0,0,0,0,0,0,0,0,0,0,0,10
